Date,Action,Portfolio_Value,Position,Stock_Price
2019-02-04,0,10000.0,0,764.0
2019-02-05,0,10000.0,0,802.0
2019-02-06,0,10000.0,0,786.0
2019-02-07,0,10000.0,0,780.0
2019-02-10,0,10000.0,0,767.0
2019-02-11,0,10000.0,0,768.0
2019-02-12,0,10000.0,0,798.0
2019-02-13,1,9992.34,10,766.0
2019-02-14,0,9772.34,10,744.0
2019-02-17,0,9932.34,10,760.0
2019-02-18,0,9812.34,10,748.0
2019-02-19,0,10072.34,10,774.0
2019-02-20,0,9982.34,10,765.0
2019-02-21,0,9902.34,10,757.0
2019-02-24,0,9882.34,10,755.0
2019-02-25,0,10032.34,10,770.0
2019-02-26,0,9852.34,10,752.0
2019-02-27,0,9862.34,10,753.0
2019-03-03,1,9862.34,10,753.0
2019-03-05,1,9872.34,10,754.0
2019-03-06,0,10032.34,10,770.0
2019-03-07,0,10212.34,10,788.0
2019-03-10,1,10212.34,10,788.0
2019-03-11,0,10092.34,10,776.0
2019-03-12,1,10202.34,10,787.0
2019-03-13,0,10072.34,10,774.0
2019-03-14,0,10072.34,10,774.0
2019-03-17,0,10032.34,10,770.0
2019-03-18,0,10082.34,10,775.0
2019-03-19,1,9982.34,10,765.0
2019-03-21,0,9852.34,10,752.0
2019-03-25,0,9922.34,10,759.0
2019-03-26,0,9882.34,10,755.0
2019-03-28,0,9932.34,10,760.0
2019-03-28,0,9932.34,10,760.0
2019-04-01,0,9932.34,10,760.0
2019-04-02,0,9972.34,10,764.0
2019-04-03,0,9862.34,10,753.0
2019-04-04,0,9892.34,10,756.0
2019-04-07,0,9792.34,10,746.0
2019-04-08,1,10182.34,10,785.0
2019-04-09,0,10032.34,10,770.0
2019-04-10,0,10042.34,10,771.0
2019-04-11,0,10032.34,10,770.0
2019-04-15,0,10282.34,10,795.0
2019-04-16,0,10532.34,10,820.0
2019-04-17,1,10432.34,10,810.0
2019-04-18,0,10622.34,10,829.0
2019-04-21,0,10682.34,10,835.0
2019-04-22,0,10382.34,10,805.0
2019-04-23,1,10332.34,10,800.0
2019-04-24,0,10332.34,10,800.0
2019-04-25,0,10332.34,10,800.0
2019-04-28,0,10832.34,10,850.0
2019-04-29,1,10592.34,10,826.0
2019-04-30,1,10482.34,10,815.0
2019-05-02,0,10482.34,10,815.0
2019-05-05,0,10322.34,10,799.0
2019-05-06,0,10282.34,10,795.0
2019-05-07,0,10282.34,10,795.0
2019-05-08,0,10332.34,10,800.0
2019-05-09,1,10282.34,10,795.0
2019-05-12,1,10112.34,10,778.0
2019-05-13,1,9992.34,10,766.0
2019-05-14,0,10042.34,10,771.0
2019-05-15,0,10042.34,10,771.0
2019-05-16,0,10042.34,10,771.0
2019-05-19,0,10082.34,10,775.0
2019-05-20,0,9882.34,10,755.0
2019-05-21,0,9912.34,10,758.0
2019-05-22,0,9932.34,10,760.0
2019-05-23,0,9932.34,10,760.0
2019-05-26,0,9862.34,10,753.0
2019-05-27,1,9832.34,10,750.0
2019-05-28,0,9832.34,10,750.0
2019-05-29,1,9982.34,10,765.0
2019-05-30,0,9882.34,10,755.0
2019-06-02,0,9842.34,10,751.0
2019-06-03,0,9832.34,10,750.0
2019-06-04,0,9832.34,10,750.0
2019-06-06,0,9692.34,10,736.0
2019-06-10,0,9552.34,10,722.0
2019-06-11,0,9352.34,10,702.0
2019-06-12,0,9132.34,10,680.0
2019-06-13,0,9262.34,10,693.0
2019-06-16,0,8832.34,10,650.0
2019-06-17,0,8962.34,10,663.0
2019-06-18,0,8862.34,10,653.0
2019-06-19,0,8992.34,10,666.0
2019-06-20,0,8892.34,10,656.0
2019-06-23,0,8832.34,10,650.0
2019-06-24,0,8842.34,10,651.0
2019-06-25,0,9112.34,10,678.0
2019-06-26,0,8982.34,10,665.0
2019-06-27,0,8932.34,10,660.0
2019-06-30,0,8832.34,10,650.0
2019-07-01,0,8932.34,10,660.0
2019-07-02,0,8982.34,10,665.0
2019-07-03,0,9152.34,10,682.0
2019-07-04,0,9032.34,10,670.0
2019-07-07,0,8942.34,10,661.0
2019-07-08,0,8912.34,10,658.0
2019-07-09,0,9172.34,10,684.0
2019-07-10,0,9182.34,10,685.0
2019-07-11,0,8832.34,10,650.0
2019-07-14,0,8982.34,10,665.0
2019-07-15,0,8982.34,10,665.0
2019-07-16,0,8942.34,10,661.0
2019-07-17,0,8942.34,10,661.0
2019-07-18,0,9032.34,10,670.0
2019-07-21,0,8932.34,10,660.0
2019-07-22,0,9062.34,10,673.0
2019-07-23,0,9432.34,10,710.0
2019-07-24,0,9542.34,10,721.0
2019-07-25,0,9342.34,10,701.0
2019-07-28,0,8982.34,10,665.0
2019-07-29,0,9372.34,10,704.0
2019-07-30,0,9542.34,10,721.0
2019-07-31,0,10262.34,10,793.0
2019-08-01,1,10482.34,10,815.0
2019-08-04,0,10132.34,10,780.0
2019-08-05,0,9642.34,10,731.0
2019-08-06,0,9832.34,10,750.0
2019-08-07,0,10082.34,10,775.0
2019-08-08,0,9932.34,10,760.0
2019-08-11,1,9842.34,10,751.0
2019-08-12,0,9592.34,10,726.0
2019-08-13,0,9822.34,10,749.0
2019-08-14,1,9682.34,10,735.0
2019-08-15,0,9732.34,10,740.0
2019-08-18,0,9732.34,10,740.0
2019-08-19,0,10012.34,10,768.0
2019-08-20,1,9732.34,10,740.0
2019-08-21,1,9882.34,10,755.0
2019-08-22,0,9972.34,10,764.0
2019-08-25,1,9922.34,10,759.0
2019-08-26,1,9632.34,10,730.0
2019-08-27,1,9642.34,10,731.0
2019-08-28,1,9692.34,10,736.0
2019-08-29,1,9722.34,10,739.0
2019-09-01,1,9592.34,10,726.0
2019-09-02,1,9332.34,10,700.0
2019-09-03,0,9532.34,10,720.0
2019-09-04,0,9682.34,10,735.0
2019-09-05,0,9402.34,10,707.0
2019-09-08,0,9402.34,10,707.0
2019-09-09,0,9332.34,10,700.0
2019-09-10,0,9532.34,10,720.0
2019-09-11,0,9122.34,10,679.0
2019-09-15,0,8942.34,10,661.0
2019-09-16,0,8882.34,10,655.0
2019-09-17,1,9122.34,10,679.0
2019-09-18,0,9232.34,10,690.0
2019-09-19,0,8992.34,10,666.0
2019-09-22,0,8872.34,10,654.0
2019-09-23,0,8932.34,10,660.0
2019-09-24,0,8862.34,10,653.0
2019-09-26,0,8882.34,10,655.0
2019-09-29,0,8872.34,10,654.0
2019-10-01,0,8882.34,10,655.0
2019-10-02,0,8832.34,10,650.0
2019-10-03,0,9072.34,10,674.0
2019-10-14,0,9032.34,10,670.0
2019-10-15,0,9162.34,10,683.0
2019-10-16,0,9052.34,10,672.0
2019-10-17,1,8832.34,10,650.0
2019-10-20,0,8832.34,10,650.0
2019-10-21,0,8882.34,10,655.0
2019-10-22,0,8932.34,10,660.0
2019-10-23,0,9012.34,10,668.0
2019-10-24,0,9042.34,10,671.0
2019-11-03,0,9032.34,10,670.0
2019-11-05,0,8912.34,10,658.0
2019-11-06,0,8932.34,10,660.0
2019-11-06,0,8912.34,10,658.0
2019-11-07,0,9062.34,10,673.0
2019-11-10,1,9032.34,10,670.0
2019-11-11,0,9402.34,10,707.0
2019-11-12,0,9362.34,10,703.0
2019-11-13,0,9242.34,10,691.0
2019-11-18,0,9182.34,10,685.0
2019-11-19,0,9232.34,10,690.0
2019-11-21,0,8852.34,10,652.0
2019-11-24,0,9052.34,10,672.0
2019-11-25,0,9132.34,10,680.0
2019-11-26,0,9162.34,10,683.0
2019-11-27,0,8022.340000000001,10,569.0
2019-11-28,0,8122.340000000001,10,579.0
2019-12-01,0,8132.340000000001,10,580.0
2019-12-03,0,8242.34,10,591.0
2019-12-04,0,8462.34,10,613.0
2019-12-05,0,8582.34,10,625.0
2019-12-08,0,8582.34,10,625.0
2019-12-09,0,8932.34,10,660.0
2019-12-10,0,9052.34,10,672.0
2019-12-11,0,9402.34,10,707.0
2019-12-12,0,9192.34,10,686.0
2019-12-15,0,8982.34,10,665.0
2019-12-16,0,9012.34,10,668.0
2019-12-17,0,9242.34,10,691.0
2019-12-18,0,9032.34,10,670.0
2019-12-19,0,9032.34,10,670.0
2019-12-22,0,8902.34,10,657.0
2019-12-23,0,9132.34,10,680.0
2019-12-24,0,9032.34,10,670.0
2019-12-25,0,9112.34,10,678.0
2019-12-26,0,9022.34,10,669.0
2019-12-29,0,9032.34,10,670.0
2019-12-30,0,9102.34,10,677.0
2019-12-31,0,9232.34,10,690.0
2020-01-01,0,9472.34,10,714.0
2020-01-02,0,9522.34,10,719.0
2020-01-05,0,9732.34,10,740.0
2020-01-06,0,10082.34,10,775.0
2020-01-07,1,10282.34,10,795.0
2020-01-08,0,10212.34,10,788.0
2020-01-09,0,10582.34,10,825.0
2020-01-12,0,11172.34,10,884.0
2020-01-13,1,10862.34,10,853.0
2020-01-14,0,11162.34,10,883.0
2020-01-15,0,11422.34,10,909.0
2020-01-16,0,12322.34,10,999.0
2020-01-19,1,13022.34,10,1069.0
2020-01-20,1,11692.34,10,936.0
2020-01-21,1,12102.34,10,977.0
2020-01-22,1,12352.34,10,1002.0
2020-01-23,1,12282.34,10,995.0
2020-01-26,1,11832.34,10,950.0
2020-01-27,1,12292.34,10,996.0
2020-01-28,1,12412.34,10,1008.0
2020-01-29,1,13012.34,10,1068.0
2020-01-30,1,12892.34,10,1056.0
2020-02-02,1,13082.34,10,1075.0
2020-02-03,1,12942.34,10,1061.0
2020-02-04,1,12752.34,10,1042.0
2020-02-05,1,12942.34,10,1061.0
2020-02-06,1,12592.34,10,1026.0
2020-02-09,0,12372.34,10,1004.0
2020-02-10,0,12582.34,10,1025.0
2020-02-11,0,13232.34,10,1090.0
2020-02-12,1,14022.34,10,1169.0
2020-02-13,1,14002.34,10,1167.0
2020-02-16,0,14382.34,10,1205.0
2020-02-17,1,14472.34,10,1214.0
2020-02-18,1,13782.34,10,1145.0
2020-02-19,1,14372.34,10,1204.0
2020-02-20,1,15012.34,10,1268.0
2020-02-23,1,14982.34,10,1265.0
2020-02-24,1,14862.34,10,1253.0
2020-02-25,1,15332.34,10,1300.0
2020-02-26,1,15832.34,10,1350.0
2020-02-27,1,15532.34,10,1320.0
2020-03-01,2,14779.880000000001,0,1246.0
2020-03-02,0,14779.880000000001,0,1162.0
2020-03-03,0,14779.880000000001,0,1110.0
2020-03-05,1,14769.700000000003,10,1018.0
2020-03-05,0,15089.700000000003,10,1050.0
2020-03-10,1,14489.700000000003,10,990.0
2020-03-11,0,15479.700000000003,10,1089.0
2020-03-12,1,14929.700000000003,10,1034.0
2020-03-15,1,14499.700000000003,10,991.0
2020-03-16,1,14789.700000000003,10,1020.0
2020-03-17,0,14279.700000000003,10,969.0
2020-03-18,1,14099.700000000003,10,951.0
2020-03-19,0,14339.700000000003,10,975.0
2020-03-22,0,14149.700000000003,10,956.0
2020-05-12,1,13869.700000000003,10,928.0
2020-05-13,0,13689.700000000003,10,910.0
2020-06-29,0,13509.700000000003,10,892.0
2020-06-30,0,13679.700000000003,10,909.0
2020-07-01,0,13949.700000000003,10,936.0
2020-07-02,0,14009.700000000003,10,942.0
2020-07-05,0,14589.700000000003,10,1000.0
2020-07-06,1,14879.700000000003,10,1029.0
2020-07-07,1,15589.700000000003,10,1100.0
2020-07-08,1,15249.700000000003,10,1066.0
2020-07-09,1,15389.700000000003,10,1080.0
2020-07-12,0,15789.700000000003,10,1120.0
2020-07-13,0,16229.700000000003,10,1164.0
2020-07-14,0,16489.700000000004,10,1190.0
2020-07-15,1,16729.700000000004,10,1214.0
2020-07-16,1,16679.700000000004,10,1209.0
2020-07-20,1,15989.700000000003,10,1140.0
2020-07-21,0,16179.700000000003,10,1159.0
2020-07-22,1,16089.700000000003,10,1150.0
2020-07-23,1,16189.700000000003,10,1160.0
2020-07-27,1,16389.700000000004,10,1180.0
2020-07-28,0,16479.700000000004,10,1189.0
2020-07-29,1,15839.700000000003,10,1125.0
2020-07-30,0,16109.700000000003,10,1152.0
2020-08-02,1,15689.700000000003,10,1110.0
2020-08-03,1,15979.700000000003,10,1139.0
2020-08-05,1,15789.700000000003,10,1120.0
2020-08-06,1,15749.700000000003,10,1116.0
2020-08-09,0,15989.700000000003,10,1140.0
2020-08-10,0,16039.700000000003,10,1145.0
2020-08-11,1,15889.700000000003,10,1130.0
2020-08-12,0,15899.700000000003,10,1131.0
2020-08-13,1,15539.700000000003,10,1095.0
2020-08-16,0,15389.700000000003,10,1080.0
2020-08-17,1,15329.700000000003,10,1074.0
2020-08-18,1,15789.700000000003,10,1120.0
2020-08-19,0,15439.700000000003,10,1085.0
2020-08-20,1,15589.700000000003,10,1100.0
2020-08-23,0,15629.700000000003,10,1104.0
2020-08-24,1,15839.700000000003,10,1125.0
2020-08-25,1,16059.700000000003,10,1147.0
2020-08-27,1,16009.700000000003,10,1142.0
2020-08-31,1,16039.700000000003,10,1145.0
2020-09-02,1,16009.700000000003,10,1142.0
2020-09-03,1,15999.700000000003,10,1141.0
2020-09-06,1,16109.700000000003,10,1152.0
2020-09-07,0,15999.700000000003,10,1141.0
2020-09-08,1,15929.700000000003,10,1134.0
2020-09-09,0,16189.700000000003,10,1160.0
2020-09-10,1,16249.700000000003,10,1166.0
2020-09-13,0,16039.700000000003,10,1145.0
2020-09-14,0,15839.700000000003,10,1125.0
2020-09-15,1,15789.700000000003,10,1120.0
2020-09-16,1,15979.700000000003,10,1139.0
2020-09-17,1,15939.700000000003,10,1135.0
2020-09-20,1,15909.700000000003,10,1132.0
2020-09-21,0,15989.700000000003,10,1140.0
2020-09-22,1,15829.700000000003,10,1124.0
2020-09-23,1,15889.700000000003,10,1130.0
2020-09-24,0,15849.700000000003,10,1126.0
2020-09-27,0,15839.700000000003,10,1125.0
2020-09-28,1,15789.700000000003,10,1120.0
2020-09-29,0,15809.700000000003,10,1122.0
2020-09-30,1,15569.700000000003,10,1098.0
2020-10-01,0,15849.700000000003,10,1126.0
2020-10-04,0,15829.700000000003,10,1124.0
2020-10-05,1,15699.700000000003,10,1111.0
2020-10-06,0,15819.700000000003,10,1123.0
2020-10-07,1,15649.700000000003,10,1106.0
2020-10-08,1,15739.700000000003,10,1115.0
2020-10-11,1,15689.700000000003,10,1110.0
2020-10-12,0,15739.700000000003,10,1115.0
2020-10-13,1,15589.700000000003,10,1100.0
2020-10-14,1,15689.700000000003,10,1110.0
2020-10-15,1,15589.700000000003,10,1100.0
2020-10-18,0,15539.700000000003,10,1095.0
2020-10-19,1,15489.700000000003,10,1090.0
2020-10-20,1,15649.700000000003,10,1106.0
2020-10-21,0,15839.700000000003,10,1125.0
2020-10-22,1,15709.700000000003,10,1112.0
2020-10-28,1,15829.700000000003,10,1124.0
2020-10-29,0,15889.700000000003,10,1130.0
2020-11-01,0,16279.700000000003,10,1169.0
2020-11-02,0,16459.700000000004,10,1187.0
2020-11-03,0,16399.700000000004,10,1181.0
2020-11-04,0,16389.700000000004,10,1180.0
2020-11-05,1,16399.700000000004,10,1181.0
2020-11-08,1,16579.700000000004,10,1199.0
2020-11-09,0,16739.700000000004,10,1215.0
2020-11-10,0,16769.700000000004,10,1218.0
2020-11-11,1,16649.700000000004,10,1206.0
2020-11-12,1,16739.700000000004,10,1215.0
2020-11-18,1,16889.700000000004,10,1230.0
2020-11-19,1,17089.700000000004,10,1250.0
2020-11-22,0,17089.700000000004,10,1250.0
2020-11-23,1,16849.700000000004,10,1226.0
2020-11-24,0,17039.700000000004,10,1245.0
2020-11-25,0,17389.700000000004,10,1280.0
2020-11-26,0,17439.700000000004,10,1285.0
2020-11-29,0,17589.700000000004,10,1300.0
2020-11-30,0,17839.700000000004,10,1325.0
2020-12-01,1,17789.700000000004,10,1320.0
2020-12-02,1,19109.700000000004,10,1452.0
2020-12-03,0,19139.700000000004,10,1455.0
2020-12-06,1,17979.700000000004,10,1339.0
2020-12-07,0,18709.700000000004,10,1412.0
2020-12-08,0,18609.700000000004,10,1402.0
2020-12-09,1,18399.700000000004,10,1381.0
2020-12-10,1,18249.700000000004,10,1366.0
2020-12-13,1,18869.700000000004,10,1428.0
2020-12-14,1,20289.700000000004,10,1570.0
2020-12-15,0,20799.700000000004,10,1621.0
2020-12-16,1,20829.700000000004,10,1624.0
2020-12-17,1,20289.700000000004,10,1570.0
2020-12-20,1,19509.700000000004,10,1492.0
2020-12-21,1,19589.700000000004,10,1500.0
2020-12-22,0,19829.700000000004,10,1524.0
2020-12-23,1,19679.700000000004,10,1509.0
2020-12-24,1,19349.700000000004,10,1476.0
2020-12-27,1,19159.700000000004,10,1457.0
2020-12-28,0,19239.700000000004,10,1465.0
2020-12-29,1,19319.700000000004,10,1473.0
2020-12-30,1,19599.700000000004,10,1501.0
2020-12-31,1,19939.700000000004,10,1535.0
2021-01-03,1,18089.700000000004,10,1350.0
2021-01-04,0,17839.700000000004,10,1325.0
2021-01-05,1,17839.700000000004,10,1325.0
2021-01-06,1,18029.700000000004,10,1344.0
2021-01-07,1,18089.700000000004,10,1350.0
2021-01-10,0,18099.700000000004,10,1351.0
2021-01-11,0,18189.700000000004,10,1360.0
2021-01-12,0,18589.700000000004,10,1400.0
2021-01-13,1,19489.700000000004,10,1490.0
2021-01-17,1,20459.700000000004,10,1587.0
2021-01-18,1,20589.700000000004,10,1600.0
2021-01-19,1,20489.700000000004,10,1590.0
2021-01-20,1,20689.700000000004,10,1610.0
2021-01-21,1,21099.700000000004,10,1651.0
2021-01-24,1,21749.700000000004,10,1716.0
2021-01-25,1,21589.700000000004,10,1700.0
2021-01-26,1,21039.700000000004,10,1645.0
2021-01-27,1,21189.700000000004,10,1660.0
2021-01-28,1,20859.700000000004,10,1627.0
2021-01-31,1,20239.700000000004,10,1565.0
2021-02-01,1,20499.700000000004,10,1591.0
2021-02-02,1,21349.700000000004,10,1676.0
2021-02-03,1,20789.700000000004,10,1620.0
2021-02-04,0,21549.700000000004,10,1696.0
2021-02-07,1,22639.700000000004,10,1805.0
2021-02-08,1,21769.700000000004,10,1718.0
2021-02-09,1,21409.700000000004,10,1682.0
2021-02-10,1,20689.700000000004,10,1610.0
2021-02-11,1,20289.700000000004,10,1570.0
2021-02-14,1,20259.700000000004,10,1567.0
2021-02-15,1,21819.700000000004,10,1723.0
2021-02-16,1,21579.700000000004,10,1699.0
2021-02-17,1,21399.700000000004,10,1681.0
2021-02-18,1,21399.700000000004,10,1681.0
2021-02-21,0,20869.700000000004,10,1628.0
2021-02-22,1,20789.700000000004,10,1620.0
2021-02-23,0,20609.700000000004,10,1602.0
2021-02-24,0,20799.700000000004,10,1621.0
2021-02-25,1,20789.700000000004,10,1620.0
2021-02-28,1,20289.700000000004,10,1570.0
2021-03-01,1,20409.700000000004,10,1582.0
2021-03-02,1,20049.700000000004,10,1546.0
2021-03-03,0,20119.700000000004,10,1553.0
2021-03-04,1,21029.700000000004,10,1644.0
2021-03-07,0,20759.700000000004,10,1617.0
2021-03-09,1,20789.700000000004,10,1620.0
2021-03-10,0,21079.700000000004,10,1649.0
2021-03-14,0,20689.700000000004,10,1610.0
2021-03-15,1,20689.700000000004,10,1610.0
2021-03-16,0,20699.700000000004,10,1611.0
2021-03-17,0,21069.700000000004,10,1648.0
2021-03-18,1,21279.700000000004,10,1669.0
2021-03-21,1,22289.700000000004,10,1770.0
2021-03-22,1,21989.700000000004,10,1740.0
2021-03-23,1,22189.700000000004,10,1760.0
2021-03-24,1,22639.700000000004,10,1805.0
2021-03-25,1,22709.700000000004,10,1812.0
2021-03-29,1,23689.700000000004,10,1910.0
2021-03-30,1,24589.700000000004,10,2000.0
2021-04-01,1,24489.700000000004,10,1990.0
2021-04-01,0,24339.700000000004,10,1975.0
2021-04-04,1,24789.700000000004,10,2020.0
2021-04-05,1,24889.700000000004,10,2030.0
2021-04-06,1,24819.700000000004,10,2023.0
2021-04-07,1,25189.700000000004,10,2060.0
2021-04-08,1,26119.700000000004,10,2153.0
2021-04-12,1,26379.700000000004,10,2179.0
2021-04-13,0,25449.700000000004,10,2086.0
2021-04-15,1,25829.700000000004,10,2124.0
2021-04-18,1,25499.700000000004,10,2091.0
2021-04-19,1,25679.700000000004,10,2109.0
2021-04-20,1,25879.700000000004,10,2129.0
2021-04-21,2,26297.97,0,2173.0
2021-04-22,1,26275.990000000005,10,2198.0
2021-04-25,1,25695.990000000005,10,2140.0
2021-04-26,1,24595.990000000005,10,2030.0
2021-04-27,1,25995.990000000005,10,2170.0
2021-04-28,1,25585.990000000005,10,2129.0
2021-04-29,1,25395.990000000005,10,2110.0
2021-05-02,1,26435.990000000005,10,2214.0
2021-05-03,0,27045.990000000005,10,2275.0
2021-05-04,1,27995.990000000005,10,2370.0
2021-05-05,1,27225.990000000005,10,2293.0
2021-05-06,0,26895.990000000005,10,2260.0
2021-05-09,1,26405.990000000005,10,2211.0
2021-05-10,1,26745.990000000005,10,2245.0
2021-05-11,1,27495.990000000005,10,2320.0
2021-05-12,0,27375.990000000005,10,2308.0
2021-05-13,1,27985.990000000005,10,2369.0
2021-05-16,1,28945.990000000005,10,2465.0
2021-05-17,1,28885.990000000005,10,2459.0
2021-05-18,1,29535.990000000005,10,2524.0
2021-05-19,1,29175.990000000005,10,2488.0
2021-05-20,0,28855.990000000005,10,2456.0
2021-05-23,0,28495.990000000005,10,2420.0
2021-05-24,1,28675.990000000005,10,2438.0
2021-05-25,1,28785.990000000005,10,2449.0
2021-05-27,1,27855.990000000005,10,2356.0
2021-05-30,1,27295.990000000005,10,2300.0
2021-05-31,1,27135.990000000005,10,2284.0
2021-06-01,1,27195.990000000005,10,2290.0
2021-06-02,0,27095.990000000005,10,2280.0
2021-06-03,1,27445.990000000005,10,2315.0
2021-06-06,1,27475.990000000005,10,2318.0
2021-06-07,1,27245.990000000005,10,2295.0
2021-06-08,1,26945.990000000005,10,2265.0
2021-06-09,1,26555.990000000005,10,2226.0
2021-06-10,1,27175.990000000005,10,2288.0
2021-06-13,0,26795.990000000005,10,2250.0
2021-06-14,0,26525.990000000005,10,2223.0
2021-06-15,0,26305.990000000005,10,2201.0
2021-06-16,1,26645.990000000005,10,2235.0
2021-06-17,0,26685.990000000005,10,2239.0
2021-06-20,1,26515.990000000005,10,2222.0
2021-06-21,1,25995.990000000005,10,2170.0
2021-06-22,1,26345.990000000005,10,2205.0
2021-06-23,0,26225.990000000005,10,2193.0
2021-06-24,1,25795.990000000005,10,2150.0
2021-06-27,1,26065.990000000005,10,2177.0
2021-06-28,0,26785.990000000005,10,2249.0
2021-06-29,0,26785.990000000005,10,2249.0
2021-06-30,0,26845.990000000005,10,2255.0
2021-07-01,1,26395.990000000005,10,2210.0
2021-07-04,0,26185.990000000005,10,2189.0
2021-07-05,1,26025.990000000005,10,2173.0
2021-07-06,1,25895.990000000005,10,2160.0
2021-07-07,1,25995.990000000005,10,2170.0
2021-07-08,1,26395.990000000005,10,2210.0
2021-07-11,1,27315.990000000005,10,2302.0
2021-07-12,1,26945.990000000005,10,2265.0
2021-07-13,0,27265.990000000005,10,2297.0
2021-07-14,1,27095.990000000005,10,2280.0
2021-07-15,1,27195.990000000005,10,2290.0
2021-07-18,1,27695.990000000005,10,2340.0
2021-07-19,1,27765.990000000005,10,2347.0
2021-07-20,1,28085.990000000005,10,2379.0
2021-07-22,1,28475.990000000005,10,2418.0
2021-07-25,1,28595.990000000005,10,2430.0
2021-07-26,1,28545.990000000005,10,2425.0
2021-07-27,1,27895.990000000005,10,2360.0
2021-07-28,1,27985.990000000005,10,2369.0
2021-07-29,1,28195.990000000005,10,2390.0
2021-08-01,1,28385.990000000005,10,2409.0
2021-08-02,1,28866.990000000005,10,2457.1
2021-08-03,0,29075.990000000005,10,2478.0
2021-08-04,1,28095.990000000005,10,2380.0
2021-08-05,1,28215.990000000005,10,2392.0
2021-08-08,1,27735.990000000005,10,2344.0
2021-08-09,1,27775.990000000005,10,2348.0
2021-08-10,0,27795.990000000005,10,2350.0
2021-08-11,0,27695.990000000005,10,2340.0
2021-08-12,1,28095.990000000005,10,2380.0
2021-08-15,0,28295.990000000005,10,2400.0
2021-08-16,1,27855.990000000005,10,2356.0
2021-08-17,0,27395.990000000005,10,2310.0
2021-08-18,0,27895.990000000005,10,2360.0
2021-08-19,1,27895.990000000005,10,2360.0
2021-08-24,1,27585.990000000005,10,2329.0
2021-08-25,0,26845.990000000005,10,2255.0
2021-08-26,1,26605.990000000005,10,2231.0
2021-08-29,0,26215.990000000005,10,2192.0
2021-08-31,1,25445.990000000005,10,2115.0
2021-09-01,0,25645.990000000005,10,2135.0
2021-09-02,0,25511.990000000005,10,2121.6
2021-09-05,1,25095.990000000005,10,2080.0
2021-09-06,2,25674.590000000004,0,2140.0
2021-09-07,0,25674.590000000004,0,2040.0
2021-09-08,0,25674.590000000004,0,2040.0
2021-09-09,1,25654.290000000005,10,2030.0
2021-09-12,0,26214.290000000005,10,2086.0
2021-09-13,1,25934.290000000005,10,2058.0
2021-09-14,0,26244.290000000005,10,2089.0
2021-09-15,1,26054.290000000005,10,2070.0
2021-09-16,0,25229.290000000005,10,1987.5
2021-09-20,0,25624.290000000005,10,2027.0
2021-09-21,1,25204.290000000005,10,1985.0
2021-09-22,1,25524.290000000005,10,2017.0
2021-09-23,0,25264.290000000005,10,1991.0
2021-09-26,1,24554.290000000005,10,1920.0
2021-09-27,0,24154.290000000005,10,1880.0
2021-09-28,0,23654.290000000005,10,1830.0
2021-09-29,0,23993.290000000005,10,1863.9
2021-09-30,0,23664.290000000005,10,1831.0
2021-10-03,1,23354.290000000005,10,1800.0
2021-10-04,0,23654.290000000005,10,1830.0
2021-10-05,0,23734.290000000005,10,1838.0
2021-10-06,0,24304.290000000005,10,1895.0
2021-10-10,0,24174.290000000005,10,1882.0
2021-10-11,0,23801.290000000005,10,1844.7
2021-10-17,1,23854.290000000005,10,1850.0
2021-10-18,0,22874.290000000005,10,1752.0
2021-10-19,0,22754.290000000005,10,1740.0
2021-10-20,1,22944.290000000005,10,1759.0
2021-10-21,0,22854.290000000005,10,1750.0
2021-10-24,0,22764.290000000005,10,1741.0
2021-10-25,0,23324.290000000005,10,1797.0
2021-10-26,1,23634.290000000005,10,1828.0
2021-10-27,1,23954.290000000005,10,1860.0
2021-10-28,0,24424.290000000005,10,1907.0
2021-10-31,1,24944.290000000005,10,1959.0
2021-11-01,0,24354.290000000005,10,1900.0
2021-11-02,1,24914.290000000005,10,1956.0
2021-11-03,1,25414.290000000005,10,2006.0
2021-11-08,1,25464.290000000005,10,2011.0
2021-11-09,0,24654.290000000005,10,1930.0
2021-11-11,1,24204.290000000005,10,1885.0
2021-11-14,0,24604.290000000005,10,1925.0
2021-11-15,1,24660.290000000005,10,1930.6
2021-11-16,1,21634.290000000005,10,1628.0
2021-11-17,0,21354.290000000005,10,1600.0
2021-11-18,0,21264.290000000005,10,1591.0
2021-11-21,0,21354.290000000005,10,1600.0
2021-11-22,0,21304.290000000005,10,1595.0
2021-11-23,0,21104.290000000005,10,1575.0
2021-11-24,0,21104.290000000005,10,1575.0
2021-11-25,0,21104.290000000005,10,1575.0
2021-11-28,0,20304.290000000005,10,1495.0
2021-11-29,0,20284.290000000005,10,1493.0
2021-11-30,1,20104.290000000005,10,1475.0
2021-12-01,0,19804.290000000005,10,1445.0
2021-12-02,0,19664.290000000005,10,1431.0
2021-12-05,0,19354.290000000005,10,1400.0
2021-12-06,0,19448.290000000005,10,1409.4
2021-12-07,0,19164.290000000005,10,1381.0
2021-12-08,0,18637.290000000005,10,1328.3
2021-12-09,0,18803.290000000005,10,1344.9
2021-12-12,0,18324.290000000005,10,1297.0
2021-12-13,0,17514.290000000005,10,1216.0
2021-12-14,1,17954.290000000005,10,1260.0
2021-12-15,0,18204.290000000005,10,1285.0
2021-12-16,0,18364.290000000005,10,1301.0
2021-12-20,0,18344.290000000005,10,1299.0
2021-12-21,0,18454.290000000005,10,1310.0
2021-12-22,1,18804.290000000005,10,1345.0
2021-12-23,1,19354.290000000005,10,1400.0
2021-12-26,0,19844.290000000005,10,1449.0
2021-12-27,0,19354.290000000005,10,1400.0
2021-12-28,1,19494.290000000005,10,1414.0
2021-12-29,1,19364.290000000005,10,1401.0
2022-01-02,0,19834.290000000005,10,1448.0
2022-01-03,1,20534.290000000005,10,1518.0
2022-01-04,0,20944.290000000005,10,1559.0
2022-01-05,1,20454.290000000005,10,1510.0
2022-01-06,1,20554.290000000005,10,1520.0
2022-01-09,0,21154.290000000005,10,1580.0
2022-01-10,0,21304.290000000005,10,1595.0
2022-01-11,1,21784.290000000005,10,1643.0
2022-01-12,0,22054.290000000005,10,1670.0
2022-01-13,1,22454.290000000005,10,1710.0
2022-01-16,1,22704.290000000005,10,1735.0
2022-01-17,1,22554.290000000005,10,1720.0
2022-01-18,1,22334.290000000005,10,1698.0
2022-01-19,1,22054.290000000005,10,1670.0
2022-01-20,1,21986.290000000005,10,1663.2
2022-01-23,1,22004.290000000005,10,1665.0
2022-01-24,1,21554.290000000005,10,1620.0
2022-01-25,1,21354.290000000005,10,1600.0
2022-01-26,0,21154.290000000005,10,1580.0
2022-01-27,0,21153.290000000005,10,1579.9
2022-01-30,1,21354.290000000005,10,1600.0
2022-01-31,2,20978.650000000005,0,1564.0
2022-02-01,1,20962.65000000001,10,1600.0
2022-02-03,1,20842.65000000001,10,1588.0
2022-02-06,1,20692.65000000001,10,1573.0
2022-02-07,0,20662.65000000001,10,1570.0
2022-02-08,0,20622.65000000001,10,1566.0
2022-02-09,0,20312.65000000001,10,1535.0
2022-02-10,1,20092.65000000001,10,1513.0
2022-02-13,1,19362.65000000001,10,1440.0
2022-02-14,0,19462.65000000001,10,1450.0
2022-02-15,0,20042.65000000001,10,1508.0
2022-02-16,0,19912.65000000001,10,1495.0
2022-02-17,0,19902.65000000001,10,1494.0
2022-02-20,0,19562.65000000001,10,1460.0
2022-02-21,0,19662.65000000001,10,1470.0
2022-02-22,1,19672.65000000001,10,1471.0
2022-02-23,1,19562.65000000001,10,1460.0
2022-02-24,0,18962.65000000001,10,1400.0
2022-02-27,0,18802.65000000001,10,1384.0
2022-02-28,0,18612.65000000001,10,1365.0
2022-03-02,1,18102.65000000001,10,1314.0
2022-03-06,0,18175.65000000001,10,1321.3
2022-03-07,0,18272.65000000001,10,1331.0
2022-03-09,1,18282.65000000001,10,1332.0
2022-03-10,0,18482.65000000001,10,1352.0
2022-03-13,0,18962.65000000001,10,1400.0
2022-03-14,0,18722.65000000001,10,1376.0
2022-03-15,0,18962.65000000001,10,1400.0
2022-03-16,1,19112.65000000001,10,1415.0
2022-03-20,0,18862.65000000001,10,1390.0
2022-03-21,0,18822.65000000001,10,1386.0
2022-03-22,0,19082.65000000001,10,1412.0
2022-03-23,1,19162.65000000001,10,1420.0
2022-03-24,0,18962.65000000001,10,1400.0
2022-03-27,0,18952.65000000001,10,1399.0
2022-03-28,0,18762.65000000001,10,1380.0
2022-03-29,0,18552.65000000001,10,1359.0
2022-03-30,1,18962.65000000001,10,1400.0
2022-03-31,1,18972.65000000001,10,1401.0
2022-04-03,1,18752.65000000001,10,1379.0
2022-04-04,0,18742.65000000001,10,1378.0
2022-04-05,0,18412.65000000001,10,1345.0
2022-04-06,0,18342.65000000001,10,1338.0
2022-04-07,0,18242.65000000001,10,1328.0
2022-04-11,0,18312.65000000001,10,1335.0
2022-04-12,0,18072.65000000001,10,1311.0
2022-04-13,0,18332.65000000001,10,1337.0
2022-04-17,1,18212.65000000001,10,1325.0
2022-04-18,1,18022.65000000001,10,1306.0
2022-04-19,1,18120.65000000001,10,1315.8
2022-04-20,0,17892.65000000001,10,1293.0
2022-04-21,0,17902.65000000001,10,1294.0
2022-04-24,0,18422.65000000001,10,1346.0
2022-04-25,1,18372.65000000001,10,1341.0
2022-04-26,1,17912.65000000001,10,1295.0
2022-04-27,1,18402.65000000001,10,1344.0
2022-04-28,1,18272.65000000001,10,1331.0
2022-05-02,1,17764.65000000001,10,1280.2
2022-05-04,0,17712.65000000001,10,1275.0
2022-05-05,0,17462.65000000001,10,1250.0
2022-05-08,1,17312.65000000001,10,1235.0
2022-05-09,1,17572.65000000001,10,1261.0
2022-05-10,0,17962.65000000001,10,1300.0
2022-05-11,1,18222.65000000001,10,1326.0
2022-05-12,1,18262.65000000001,10,1330.0
2022-05-17,1,17872.65000000001,10,1291.0
2022-05-18,1,18072.65000000001,10,1311.0
2022-05-19,0,17612.65000000001,10,1265.0
2022-05-20,1,17885.65000000001,10,1292.3
2022-05-23,1,17383.65000000001,10,1242.1
2022-05-24,1,18122.65000000001,10,1316.0
2022-05-25,0,17663.65000000001,10,1270.1
2022-05-26,0,17622.65000000001,10,1266.0
2022-05-27,0,17782.65000000001,10,1282.0
2022-05-30,0,17562.65000000001,10,1260.0
2022-05-31,0,17559.65000000001,10,1259.7
2022-06-01,0,17302.65000000001,10,1234.0
2022-06-02,1,17132.65000000001,10,1217.0
2022-06-03,1,16812.65000000001,10,1185.0
2022-06-06,0,16612.65000000001,10,1165.0
2022-06-07,1,16412.65000000001,10,1145.0
2022-06-08,0,16962.65000000001,10,1200.0
2022-06-09,0,16832.65000000001,10,1187.0
2022-06-10,0,17262.65000000001,10,1230.0
2022-06-13,0,16783.65000000001,10,1182.1
2022-06-14,1,16546.65000000001,10,1158.4
2022-06-15,1,16422.65000000001,10,1146.0
2022-06-16,0,16362.650000000007,10,1140.0
2022-06-17,0,16551.65000000001,10,1158.9
2022-06-19,0,16332.650000000007,10,1137.0
2022-06-20,1,15962.650000000007,10,1100.0
2022-06-21,0,16212.650000000007,10,1125.0
2022-06-22,1,16264.650000000007,10,1130.2
2022-06-23,0,15962.650000000007,10,1100.0
2022-06-24,0,16162.650000000007,10,1120.0
2022-06-26,0,16732.65000000001,10,1177.0
2022-06-27,0,16497.65000000001,10,1153.5
2022-06-28,0,16252.650000000007,10,1129.0
2022-06-29,0,16662.65000000001,10,1170.0
2022-06-30,0,17112.65000000001,10,1215.0
2022-07-01,1,16662.65000000001,10,1170.0
2022-07-03,0,17292.65000000001,10,1233.0
2022-07-04,1,17652.65000000001,10,1269.0
2022-07-05,0,17751.65000000001,10,1278.9
2022-07-06,0,17732.65000000001,10,1277.0
2022-07-07,1,17962.65000000001,10,1300.0
2022-07-08,1,17662.65000000001,10,1270.0
2022-07-11,1,17252.65000000001,10,1229.0
2022-07-12,1,17161.65000000001,10,1219.9
2022-07-13,1,18262.65000000001,10,1330.0
2022-07-14,1,17862.65000000001,10,1290.0
2022-07-15,0,17712.65000000001,10,1275.0
2022-07-17,1,17712.65000000001,10,1275.0
2022-07-18,0,17812.65000000001,10,1285.0
2022-07-19,1,18052.65000000001,10,1309.0
2022-07-20,1,18061.65000000001,10,1309.9
2022-07-21,0,17962.65000000001,10,1300.0
2022-07-22,1,17761.65000000001,10,1279.9
2022-07-24,0,18502.65000000001,10,1354.0
2022-07-25,1,19162.65000000001,10,1420.0
2022-07-26,1,18952.65000000001,10,1399.0
2022-07-27,1,19622.65000000001,10,1466.0
2022-07-28,1,19842.65000000001,10,1488.0
2022-07-29,1,19652.65000000001,10,1469.0
2022-07-31,1,19561.65000000001,10,1459.9
2022-08-01,0,19362.65000000001,10,1440.0
2022-08-02,1,19562.65000000001,10,1460.0
2022-08-03,1,19312.65000000001,10,1435.0
2022-08-04,1,18712.65000000001,10,1375.0
2022-08-05,1,18962.65000000001,10,1400.0
2022-08-07,1,18632.65000000001,10,1367.0
2022-08-08,1,18782.65000000001,10,1382.0
2022-08-09,0,18442.65000000001,10,1348.0
2022-08-10,1,18002.65000000001,10,1304.0
2022-08-11,0,17512.65000000001,10,1255.0
2022-08-14,0,17352.65000000001,10,1239.0
2022-08-15,0,17762.65000000001,10,1280.0
2022-08-16,1,17542.65000000001,10,1258.0
2022-08-17,1,17562.65000000001,10,1260.0
2022-08-18,0,18012.65000000001,10,1305.0
2022-08-21,0,17762.65000000001,10,1280.0
2022-08-22,1,17892.65000000001,10,1293.0
2022-08-23,1,17712.65000000001,10,1275.0
2022-08-24,0,17742.65000000001,10,1278.0
2022-08-25,0,17662.65000000001,10,1270.0
2022-08-26,0,17562.65000000001,10,1260.0
2022-08-28,0,17223.65000000001,10,1226.1
2022-08-29,0,17462.65000000001,10,1250.0
2022-08-30,1,17462.65000000001,10,1250.0
2022-08-31,0,17212.65000000001,10,1225.0
2022-09-01,1,17262.65000000001,10,1230.0
2022-09-02,0,17023.65000000001,10,1206.1
2022-09-04,0,17342.65000000001,10,1238.0
2022-09-05,1,17512.65000000001,10,1255.0
2022-09-06,0,17166.65000000001,10,1220.4
2022-09-07,1,17062.65000000001,10,1210.0
2022-09-08,0,16932.65000000001,10,1197.0
2022-09-11,0,16962.65000000001,10,1200.0
2022-09-12,0,16764.65000000001,10,1180.2
2022-09-13,0,16962.65000000001,10,1200.0
2022-09-14,0,17112.65000000001,10,1215.0
2022-09-15,0,16762.65000000001,10,1180.0
2022-09-16,0,16732.65000000001,10,1177.0
2022-09-18,1,16313.650000000007,10,1135.1
2022-09-20,0,16309.650000000007,10,1134.7
2022-09-21,1,16412.65000000001,10,1145.0
2022-09-22,0,16362.650000000007,10,1140.0
2022-09-25,0,16352.650000000007,10,1139.0
2022-09-27,1,16322.650000000007,10,1136.0
2022-09-28,0,16492.65000000001,10,1153.0
2022-09-29,0,16662.65000000001,10,1170.0
2022-10-09,1,16802.65000000001,10,1184.0
2022-10-10,1,16652.65000000001,10,1169.0
2022-10-11,1,16462.65000000001,10,1150.0
2022-10-12,0,16362.650000000007,10,1140.0
2022-10-13,0,16572.65000000001,10,1161.0
2022-10-16,1,16413.65000000001,10,1145.1
2022-10-17,1,16512.65000000001,10,1155.0
2022-10-19,0,16662.65000000001,10,1170.0
2022-10-20,0,16655.65000000001,10,1169.3
2022-10-31,1,16692.65000000001,10,1173.0
2022-11-01,0,16921.65000000001,10,1195.9
2022-11-02,0,16962.65000000001,10,1200.0
2022-11-03,1,16663.65000000001,10,1170.1
2022-11-06,0,17102.65000000001,10,1214.0
2022-11-07,0,17061.65000000001,10,1209.9
2022-11-08,0,16822.65000000001,10,1186.0
2022-11-09,1,16462.65000000001,10,1150.0
2022-11-10,0,16412.65000000001,10,1145.0
2022-11-13,0,16202.650000000007,10,1124.0
2022-11-13,0,16202.650000000007,10,1124.0
2022-11-13,1,16202.650000000007,10,1124.0
2022-11-15,1,15682.650000000007,10,1072.0
2022-11-15,1,15682.650000000007,10,1072.0
2022-11-16,0,15512.650000000007,10,1055.0
2022-11-17,0,15723.650000000007,10,1076.1
2022-11-22,0,15862.650000000007,10,1090.0
2022-11-23,0,15952.650000000007,10,1099.0
2022-11-24,0,15912.650000000007,10,1095.0
2022-11-27,0,15882.650000000007,10,1092.0
2022-11-28,0,15932.650000000007,10,1097.0
2022-11-29,0,15862.650000000007,10,1090.0
2022-11-30,0,15852.650000000007,10,1089.0
2022-12-01,0,15692.650000000007,10,1073.0
2022-12-04,0,15682.650000000007,10,1072.0
2022-12-05,0,15562.650000000007,10,1060.0
2022-12-06,0,15482.650000000007,10,1052.0
2022-12-07,0,15432.650000000007,10,1047.0
2022-12-11,0,15242.650000000007,10,1028.0
2022-12-12,0,15222.650000000007,10,1026.0
2022-12-13,0,15202.650000000007,10,1024.0
2022-12-14,0,15312.650000000007,10,1035.0
2022-12-15,1,15312.650000000007,10,1035.0
2022-12-18,0,14952.650000000007,10,999.0
2022-12-19,1,14961.650000000007,10,999.9
2022-12-20,1,14962.650000000007,10,1000.0
2022-12-21,0,15060.650000000007,10,1009.8
2022-12-22,1,15212.650000000007,10,1025.0
2022-12-26,0,15412.650000000007,10,1045.0
2022-12-27,1,15711.650000000007,10,1074.9
2022-12-28,1,15562.650000000007,10,1060.0
2022-12-29,0,16422.65000000001,10,1146.0
2023-01-01,0,16409.65000000001,10,1144.7
2023-01-02,1,16172.650000000007,10,1121.0
2023-01-03,0,16541.65000000001,10,1157.9
2023-01-04,0,17452.65000000001,10,1249.0
2023-01-05,1,17772.65000000001,10,1281.0
2023-01-08,1,17662.65000000001,10,1270.0
2023-01-09,1,17562.65000000001,10,1260.0
2023-01-10,1,17762.65000000001,10,1280.0
2023-01-12,0,17562.65000000001,10,1260.0
2023-01-17,1,17512.65000000001,10,1255.0
2023-01-18,1,17652.65000000001,10,1269.0
2023-01-19,1,16962.65000000001,10,1200.0
2023-01-23,1,17072.65000000001,10,1211.0
2023-01-24,1,16942.65000000001,10,1198.0
2023-01-25,0,16952.65000000001,10,1199.0
2023-01-26,0,16542.65000000001,10,1158.0
2023-01-29,0,16672.65000000001,10,1171.0
2023-01-30,0,16272.650000000007,10,1131.0
2023-01-31,0,16412.65000000001,10,1145.0
2023-02-01,0,16312.650000000007,10,1135.0
2023-02-02,0,16052.650000000007,10,1109.0
2023-02-05,0,15842.650000000007,10,1088.0
2023-02-06,0,15942.650000000007,10,1098.0
2023-02-07,0,16372.650000000007,10,1141.0
2023-02-08,1,16350.650000000007,10,1138.8
2023-02-09,1,16281.650000000007,10,1131.9
2023-02-12,1,15876.650000000007,10,1091.4
2023-02-14,0,15445.650000000007,10,1048.3
2023-02-15,0,15452.650000000007,10,1049.0
2023-02-16,0,15112.650000000007,10,1015.0
2023-02-20,0,14935.650000000007,10,997.3
2023-02-22,0,14872.650000000007,10,991.0
2023-02-23,0,13882.650000000007,10,892.0
2023-02-26,0,14152.650000000007,10,919.0
2023-02-27,0,14262.650000000007,10,930.0
2023-02-28,0,14442.650000000007,10,948.0
2023-03-01,0,13162.650000000007,10,820.0
2023-03-02,0,12852.650000000007,10,789.0
2023-03-05,0,12752.650000000007,10,779.0
2023-03-07,0,12734.650000000007,10,777.2
2023-03-09,0,12882.650000000007,10,792.0
2023-03-12,0,12562.650000000007,10,760.0
2023-03-13,0,12652.650000000007,10,769.0
2023-03-14,0,12612.650000000007,10,765.0
2023-03-15,0,12605.650000000007,10,764.3
2023-03-16,0,12165.650000000007,10,720.3
2023-03-19,0,11948.650000000007,10,698.6
2023-03-20,0,12060.650000000007,10,709.8
2023-03-22,0,12062.650000000007,10,710.0
2023-03-23,0,12042.650000000007,10,708.0
2023-03-26,0,11822.650000000007,10,686.0
2023-03-27,0,12201.650000000007,10,723.9
2023-03-28,0,12122.650000000007,10,716.0
2023-03-29,0,12211.650000000007,10,724.9
2023-03-30,0,12077.650000000007,10,711.5
2023-04-02,0,11832.650000000007,10,687.0
2023-04-03,0,11752.650000000007,10,679.0
2023-04-04,0,11898.650000000007,10,693.6
2023-04-05,0,12412.650000000007,10,745.0
2023-04-06,0,12067.650000000007,10,710.5
2023-04-09,0,11802.650000000007,10,684.0
2023-04-10,0,12052.650000000007,10,709.0
2023-04-11,0,12152.650000000007,10,719.0
2023-04-12,0,12512.650000000007,10,755.0
2023-04-13,0,12212.650000000007,10,725.0
2023-04-16,0,12142.650000000007,10,718.0
2023-04-17,0,11962.650000000007,10,700.0
2023-04-18,0,11912.650000000007,10,695.0
2023-04-19,0,12032.650000000007,10,707.0
2023-04-20,0,12012.650000000007,10,705.0
2023-04-23,0,12082.650000000007,10,712.0
2023-04-24,0,11801.650000000007,10,683.9
2023-04-25,0,11837.650000000007,10,687.5
2023-04-26,0,11862.650000000007,10,690.0
2023-04-27,0,11672.650000000007,10,671.0
2023-04-30,0,11762.650000000007,10,680.0
2023-05-02,0,11643.650000000007,10,668.1
2023-05-03,0,11512.650000000007,10,655.0
2023-05-04,0,12112.650000000007,10,715.0
2023-05-07,1,11762.650000000007,10,680.0
2023-05-08,0,11682.650000000007,10,672.0
2023-05-09,0,11801.650000000007,10,683.9
2023-05-10,0,11782.650000000007,10,682.0
2023-05-11,0,11832.650000000007,10,687.0
2023-05-14,0,11602.650000000007,10,664.0
2023-05-15,0,11612.650000000007,10,665.0
2023-05-16,0,11772.650000000007,10,681.0
2023-05-17,0,11722.650000000007,10,676.0
2023-05-18,0,11969.650000000007,10,700.7
2023-05-21,0,12101.650000000007,10,713.9
2023-05-22,0,12072.650000000007,10,711.0
2023-05-23,0,12312.650000000007,10,735.0
2023-05-24,0,12362.650000000007,10,740.0
2023-05-28,0,12501.650000000007,10,753.9
2023-05-30,0,12331.650000000007,10,736.9
2023-05-31,0,11942.650000000007,10,698.0
2023-06-01,0,12012.650000000007,10,705.0
2023-06-04,0,12202.650000000007,10,724.0
2023-06-05,0,12122.650000000007,10,716.0
2023-06-06,0,12242.650000000007,10,728.0
2023-06-07,0,12112.650000000007,10,715.0
2023-06-08,0,12242.650000000007,10,728.0
2023-06-11,0,12312.650000000007,10,735.0
2023-06-12,1,12352.650000000007,10,739.0
2023-06-13,0,12742.650000000007,10,778.0
2023-06-14,0,13262.650000000007,10,830.0
2023-06-15,1,13137.650000000007,10,817.5
2023-06-18,0,13621.650000000007,10,865.9
2023-06-19,1,13562.650000000007,10,860.0
2023-06-20,0,13202.650000000007,10,824.0
2023-06-21,0,12941.650000000007,10,797.9
2023-06-22,0,12952.650000000007,10,799.0
2023-06-25,0,13342.650000000007,10,838.0
2023-06-26,0,13432.650000000007,10,847.0
2023-06-27,0,14279.650000000007,10,931.7
2023-06-28,0,13872.650000000007,10,891.0
2023-07-02,0,13362.650000000007,10,840.0
2023-07-03,1,13162.650000000007,10,820.0
2023-07-04,1,12973.650000000007,10,801.1
2023-07-05,0,12902.650000000007,10,794.0
2023-07-06,0,13078.650000000007,10,811.6
2023-07-09,0,12916.650000000007,10,795.4
2023-07-10,0,13201.650000000007,10,823.9
2023-07-11,0,13352.650000000007,10,839.0
2023-07-12,0,13462.650000000007,10,850.0
2023-07-13,0,13562.650000000007,10,860.0
2023-07-16,0,13892.650000000007,10,893.0
2023-07-17,1,14022.650000000007,10,906.0
2023-07-18,0,14002.650000000007,10,904.0
2023-07-19,1,13938.650000000007,10,897.6
2023-07-20,1,13512.650000000007,10,855.0
2023-07-23,1,13692.650000000007,10,873.0
2023-07-24,1,13662.650000000007,10,870.0
2023-07-25,1,13502.650000000007,10,854.0
2023-07-26,0,13136.650000000007,10,817.4
2023-07-27,0,13161.650000000007,10,819.9
2023-07-30,0,12962.650000000007,10,800.0
2023-07-31,0,12952.650000000007,10,799.0
2023-08-01,0,12762.650000000007,10,780.0
2023-08-02,0,12762.650000000007,10,780.0
2023-08-03,0,12662.650000000007,10,770.0
2023-08-06,0,12612.650000000007,10,765.0
2023-08-07,0,12782.650000000007,10,782.0
2023-08-08,0,12792.650000000007,10,783.0
2023-08-09,1,12162.650000000007,10,720.0
2023-08-10,0,12242.650000000007,10,728.0
2023-08-13,0,12232.650000000007,10,727.0
2023-08-14,0,12342.650000000007,10,738.0
2023-08-15,0,12153.650000000007,10,719.1
2023-08-16,0,11962.650000000007,10,700.0
2023-08-17,0,11712.650000000007,10,675.0
2023-08-20,0,11582.650000000007,10,662.0
2023-08-21,0,12244.650000000007,10,728.2
2023-08-22,1,11922.650000000007,10,696.0
2023-08-23,0,11872.650000000007,10,691.0
2023-08-24,0,11941.650000000007,10,697.9
2023-08-27,0,11662.650000000007,10,670.0
2023-08-28,0,11752.650000000007,10,679.0
2023-08-29,0,11672.650000000007,10,671.0
2023-08-30,0,11672.650000000007,10,671.0
2023-09-03,1,11462.650000000007,10,650.0
2023-09-04,0,11402.650000000007,10,644.0
2023-09-05,0,11653.650000000007,10,669.1
2023-09-07,0,11662.650000000007,10,670.0
2023-09-10,0,11792.650000000007,10,683.0
2023-09-11,0,11892.650000000007,10,693.0
2023-09-12,0,11862.650000000007,10,690.0
2023-09-13,0,11842.650000000007,10,688.0
2023-09-17,0,11952.650000000007,10,699.0
2023-09-18,1,11813.650000000007,10,685.1
2023-09-19,0,11941.650000000007,10,697.9
2023-09-21,0,12032.650000000007,10,707.0
2023-09-24,0,11922.650000000007,10,696.0
2023-09-25,0,11883.650000000007,10,692.1
2023-09-26,0,12212.650000000007,10,725.0
2023-09-27,0,12030.650000000007,10,706.8
2023-10-01,0,11862.650000000007,10,690.0
2023-10-02,0,11832.650000000007,10,687.0
2023-10-03,0,11702.650000000007,10,674.0
2023-10-04,0,12165.650000000007,10,720.3
2023-10-05,0,12112.650000000007,10,715.0
2023-10-08,0,12056.650000000007,10,709.4
2023-10-09,0,11912.650000000007,10,695.0
2023-10-10,0,11852.650000000007,10,689.0
2023-10-11,0,11862.650000000007,10,690.0
2023-10-12,0,11612.650000000007,10,665.0
2023-10-16,0,11502.650000000007,10,654.0
2023-10-17,0,11723.650000000007,10,676.1
2023-10-18,0,11722.650000000007,10,676.0
2023-10-19,0,11732.650000000007,10,677.0
2023-10-29,0,11842.650000000007,10,688.0
2023-10-30,0,11962.650000000007,10,700.0
2023-10-31,0,11862.650000000007,10,690.0
2023-11-01,0,11782.650000000007,10,682.0
2023-11-02,0,11752.650000000007,10,679.0
2023-11-05,1,11617.650000000007,10,665.5
2023-11-06,0,11332.650000000007,10,637.0
2023-11-07,0,11852.650000000007,10,689.0
2023-11-08,1,11847.650000000007,10,688.5
2023-11-20,0,11841.650000000007,10,687.9
2023-11-21,0,11762.650000000007,10,680.0
2023-11-22,0,11605.650000000007,10,664.3
2023-11-23,0,11512.650000000007,10,655.0
2023-11-26,0,11510.650000000007,10,654.8
2023-11-27,0,11462.650000000007,10,650.0
2023-11-28,0,11212.650000000007,10,625.0
2023-11-29,0,11212.650000000007,10,625.0
2023-11-30,0,11133.650000000007,10,617.1
2023-12-03,0,11391.650000000007,10,642.9
2023-12-04,0,11352.650000000007,10,639.0
2023-12-05,1,11332.650000000007,10,637.0
2023-12-06,0,11342.650000000007,10,638.0
2023-12-07,1,11332.650000000007,10,637.0
2023-12-10,0,11712.650000000007,10,675.0
2023-12-11,0,11862.650000000007,10,690.0
2023-12-12,0,12072.650000000007,10,711.0
2023-12-13,1,12181.650000000007,10,721.9
2023-12-14,0,12227.650000000007,10,726.5
2023-12-17,1,12181.650000000007,10,721.9
2023-12-18,0,12402.650000000007,10,744.0
2023-12-19,0,12332.650000000007,10,737.0
2023-12-20,1,12242.650000000007,10,728.0
2023-12-21,0,12252.650000000007,10,729.0
2023-12-24,0,12202.650000000007,10,724.0
2023-12-27,0,12060.650000000007,10,709.8
2023-12-28,1,11662.650000000007,10,670.0
2024-01-01,0,12101.650000000007,10,713.9
2024-01-02,0,12812.650000000007,10,785.0
2024-01-03,1,12412.650000000007,10,745.0
2024-01-04,1,12371.650000000007,10,740.9
2024-01-07,0,12462.650000000007,10,750.0
2024-01-08,1,12262.650000000007,10,730.0
2024-01-09,0,12462.650000000007,10,750.0
2024-01-10,1,12384.650000000007,10,742.2
2024-01-11,0,12382.650000000007,10,742.0
2024-01-14,0,12542.650000000007,10,758.0
2024-01-16,0,12714.650000000007,10,775.2
2024-01-17,0,12812.650000000007,10,785.0
2024-01-18,0,12972.650000000007,10,801.0
2024-01-21,0,13091.650000000007,10,812.9
2024-01-22,0,12762.650000000007,10,780.0
2024-01-23,1,12662.650000000007,10,770.0
2024-01-24,0,12701.650000000007,10,773.9
2024-01-25,0,12682.650000000007,10,772.0
2024-01-28,0,12702.650000000007,10,774.0
2024-01-29,0,12712.650000000007,10,775.0
2024-01-30,0,12494.650000000007,10,753.2
2024-01-31,0,12600.650000000007,10,763.8
2024-02-01,0,12547.650000000007,10,758.5
2024-02-04,0,12652.650000000007,10,769.0
2024-02-05,0,12672.650000000007,10,771.0
2024-02-06,0,12762.650000000007,10,780.0
2024-02-07,1,12801.650000000007,10,783.9
2024-02-08,0,12702.650000000007,10,774.0
2024-02-11,0,12612.650000000007,10,765.0
2024-02-12,0,12682.650000000007,10,772.0
2024-02-13,0,12651.650000000007,10,768.9
2024-02-14,0,12662.650000000007,10,770.0
2024-02-15,0,12712.650000000007,10,775.0
2024-02-18,0,12693.650000000007,10,773.1
2024-02-20,0,12512.650000000007,10,755.0
2024-02-21,0,12528.650000000007,10,756.6
2024-02-22,0,12485.650000000007,10,752.3
2024-02-25,0,12611.650000000007,10,764.9
2024-02-26,0,12652.650000000007,10,769.0
2024-02-27,1,12432.650000000007,10,747.0
2024-02-28,0,12462.650000000007,10,750.0
2024-02-29,1,12312.650000000007,10,735.0
2024-03-03,1,12302.650000000007,10,734.0
2024-03-05,1,12452.650000000007,10,749.0
2024-03-06,0,12462.650000000007,10,750.0
2024-03-07,0,12651.650000000007,10,768.9
2024-03-10,1,12947.650000000007,10,798.5
2024-03-12,1,13452.650000000007,10,849.0
2024-03-13,1,13452.650000000007,10,849.0
2024-03-14,0,13242.650000000007,10,828.0
2024-03-17,0,13162.650000000007,10,820.0
2024-03-18,0,13312.650000000007,10,835.0
2024-03-19,0,13762.650000000007,10,880.0
2024-03-20,0,13912.650000000007,10,895.0
2024-03-21,0,13452.650000000007,10,849.0
2024-03-25,0,13522.650000000007,10,856.0
2024-03-26,0,13662.650000000007,10,870.0
2024-03-27,1,13488.650000000007,10,852.6
2024-03-28,0,13639.650000000007,10,867.7
2024-03-31,0,13422.650000000007,10,846.0
2024-04-01,0,13352.650000000007,10,839.0
2024-04-02,0,13412.650000000007,10,845.0
2024-04-03,0,13562.650000000007,10,860.0
2024-04-04,0,14272.650000000007,10,931.0
2024-04-07,1,14372.650000000007,10,941.0
2024-04-09,0,14012.650000000007,10,905.0
2024-04-10,1,13762.650000000007,10,880.0
2024-04-14,1,14312.650000000007,10,935.0
2024-04-15,1,14412.650000000007,10,945.0
2024-04-16,1,14173.650000000007,10,921.1
