Symbol,Date,Open,High,Low,Ltp,% Change,Qty,Turnover
"NUBL","2025-02-04","713.8","713.8","687.2","695.7","-0.60 %","14,661.00"
"NUBL","2025-02-03","714","714","699.1","699.9","-0.01 %","29,084.00"
"NUBL","2025-02-02","675","704","672.2","700","4.48 %","29,956.00"
"NUBL","2025-01-28","668","675","660","670","0.15 %","16,582.00"
"NUBL","2025-01-27","684.9","684.9","669","669","-1.04 %","11,352.00"
"NUBL","2025-01-26","686.8","690","675","676","-1.57 %","7,632.00"
"NUBL","2025-01-23","682.1","690","682.1","686.8","-0.68 %","7,776.00"
"NUBL","2025-01-22","691.9","691.9","671.1","691.5","1.93 %","17,889.00"
"NUBL","2025-01-21","688.5","688.5","674.8","678.4","0.50 %","10,256.00"
"NUBL","2025-01-20","674","679.9","669.1","675","0.73 %","8,600.00"
"NUBL","2025-01-19","687.9","687.9","667.8","670.1","-0.65 %","9,171.00"
"NUBL","2025-01-16","671","675","669","674.5","-1.24 %","8,327.00"
"NUBL","2025-01-15","692.9","692.9","669","683","-0.15 %","13,928.00"
"NUBL","2025-01-13","692","692","665","684","0.22 %","14,556.00"
"NUBL","2025-01-12","671","682.5","663.1","682.5","0.92 %","14,508.00"
"NUBL","2025-01-09","696.8","696.8","675.1","676.3","-1.99 %","22,715.00"
"NUBL","2025-01-08","687.9","700","685","690","2.09 %","40,635.00"
"NUBL","2025-01-07","688.3","688.3","668","675.9","0.13 %","7,852.00"
"NUBL","2025-01-06","671","684.3","670.3","675","0.00 %","16,704.00"
"NUBL","2025-01-05","694.4","694.4","670","675","-1.30 %","4,092.00"
"NUBL","2025-01-02","689.9","689.9","676.4","683.9","0.57 %","6,671.00"
"NUBL","2025-01-01","687.8","687.9","674.1","680","0.74 %","8,914.00"
"NUBL","2024-12-31","697","697","671.4","675","-2.32 %","11,508.00"
"NUBL","2024-12-29","680","700","669","691","1.62 %","17,405.00"
"NUBL","2024-12-26","692.9","692.9","670","680","0.00 %","10,727.00"
"NUBL","2024-12-24","694.6","694.6","673.2","680","-0.15 %","11,008.00"
"NUBL","2024-12-23","685.8","685.8","672.1","681","1.14 %","10,939.00"
"NUBL","2024-12-22","701","701","667","673.3","-2.14 %","16,038.00"
"NUBL","2024-12-19","699","699","672.4","688","-0.15 %","7,634.00"
"NUBL","2024-12-18","703","703.6","682","689","-0.58 %","4,084.00"
"NUBL","2024-12-17","703.8","703.8","678","693","0.43 %","2,932.00"
"NUBL","2024-12-16","718","718","688","690","-1.99 %","5,045.00"
"NUBL","2024-12-12","688","719.8","670","704","2.47 %","171,169.00"
"NUBL","2024-12-11","680","688.9","680","687","0.31 %","3,118.00"
"NUBL","2024-12-10","692","692","673","684.9","0.54 %","5,492.00"
"NUBL","2024-12-09","680","692","680","681.2","0.32 %","6,707.00"
"NUBL","2024-12-08","700","700","675.1","679","-1.88 %","11,252.00"
"NUBL","2024-12-05","710","710","691","692","-2.38 %","10,659.00"
"NUBL","2024-12-04","701","712","696","708.9","0.84 %","27,769.00"
"NUBL","2024-12-03","715","715","701.6","703","-1.47 %","18,929.00"
"NUBL","2024-12-02","700","715","700","713.5","1.35 %","25,148.00"
"NUBL","2024-12-01","710","717.7","700","704","-2.22 %","31,634.00"
"NUBL","2024-11-28","732.3","742","716.1","720","-1.10 %","21,254.00"
"NUBL","2024-11-27","723","732.1","720","728","0.69 %","18,324.00"
"NUBL","2024-11-26","738","738","710.1","723","-0.96 %","17,615.00"
"NUBL","2024-11-25","742","742","722.9","730","-0.41 %","8,208.00"
"NUBL","2024-11-24","735.4","743.3","730","733","-1.74 %","10,208.00"
"NUBL","2024-11-21","762","762","735","746","-0.39 %","24,034.00"
"NUBL","2024-11-20","740.1","749.9","730","748.9","1.20 %","16,958.00"
"NUBL","2024-11-19","725","751.9","715","740","0.68 %","148,557.00"
"NUBL","2024-11-17","744","749.8","730","735","-0.27 %","28,457.00"
"NUBL","2024-11-14","740","744.9","730.2","737","-0.41 %","23,067.00"
"NUBL","2024-11-13","742","747","730","740","-0.27 %","15,653.00"
"NUBL","2024-11-12","755","761","735","742","-0.93 %","42,627.00"
"NUBL","2024-11-11","744","758.8","731.5","749","2.39 %","50,949.00"
"NUBL","2024-11-10","715","734.8","715","731.5","0.90 %","13,779.00"
"NUBL","2024-11-06","733.9","733.9","715.4","725","-0.68 %","9,009.00"
"NUBL","2024-11-05","731","732","710.2","730","1.66 %","4,067.00"
"NUBL","2024-10-30","747.6","749","718.1","718.1","-2.03 %","7,836.00"
"NUBL","2024-10-29","722","733","720","733","1.96 %","16,745.00"
"NUBL","2024-10-28","727","727","708","718.9","0.42 %","7,342.00"
"NUBL","2024-10-27","716","719","710","715.9","-0.01 %","4,848.00"
"NUBL","2024-10-24","721.3","722.3","710.6","716","-1.92 %","7,713.00"
"NUBL","2024-10-23","727","736.9","720.4","730","0.39 %","4,911.00"
"NUBL","2024-10-22","720.1","733","720","727.2","-0.66 %","7,974.00"
"NUBL","2024-10-21","724.1","735","724","732","-0.92 %","7,171.00"
"NUBL","2024-10-20","748","751","730","738.8","-1.89 %","13,509.00"
"NUBL","2024-10-17","750","762","741","753","0.53 %","13,356.00"
"NUBL","2024-10-16","742.9","749","730.1","749","2.83 %","11,143.00"
"NUBL","2024-10-15","729","733.9","725","728.4","-0.08 %","9,109.00"
"NUBL","2024-10-09","738.9","738.9","722.1","729","0.14 %","10,230.00"
"NUBL","2024-10-08","720","737.9","720","728","-0.14 %","10,289.00"
"NUBL","2024-10-07","733","744","725","729","1.25 %","13,700.00"
"NUBL","2024-10-06","710","721","710","720","1.41 %","11,008.00"
"NUBL","2024-10-02","733","733","705.6","710","-2.07 %","12,132.00"
"NUBL","2024-10-01","707","725","692","725","4.32 %","21,122.00"
"NUBL","2024-09-30","698","700","681","695","1.47 %","8,438.00"
"NUBL","2024-09-29","680.1","688","675","684.9","-0.45 %","13,294.00"
"NUBL","2024-09-26","699","709","684","688","-0.29 %","11,903.00"
"NUBL","2024-09-25","692","708.9","683.1","690","-1.00 %","12,991.00"
"NUBL","2024-09-24","727.9","727.9","690","697","-2.52 %","10,530.00"
"NUBL","2024-09-23","740","740","715","715","-3.50 %","13,756.00"
"NUBL","2024-09-22","752.7","767.7","739.2","740.9","0.39 %","7,492.00"
"NUBL","2024-09-18","755","760","738","738","-2.25 %","15,564.00"
"NUBL","2024-09-16","765.5","772.1","741.1","755","-1.95 %","18,370.00"
"NUBL","2024-09-15","787","800","765.2","770","-1.28 %","17,563.00"
"NUBL","2024-09-12","795.6","795.6","766","780","0.00 %","20,894.00"
"NUBL","2024-09-11","776.4","790","765","780","-0.26 %","16,122.00"
"NUBL","2024-09-10","805","805","777","782","-1.01 %","16,193.00"
"NUBL","2024-09-09","792","806","790","790","-1.25 %","33,189.00"
"NUBL","2024-09-08","790.1","815","790","800","1.27 %","71,102.00"
"NUBL","2024-09-05","782","828.9","767","790","1.02 %","24,864.00"
"NUBL","2024-09-04","791","804","776.1","782","-1.14 %","19,473.00"
"NUBL","2024-09-03","799.1","813","791","791","-0.63 %","15,757.00"
"NUBL","2024-09-02","784","799","765","796","3.51 %","16,506.00"
"NUBL","2024-09-01","797","812","766.4","769","-1.66 %","12,792.00"
"NUBL","2024-08-29","806","809.9","777.1","782","-2.74 %","17,800.00"
"NUBL","2024-08-28","828","835","804","804","-1.71 %","26,310.00"
"NUBL","2024-08-27","845","846.8","812","818","-2.97 %","42,641.00"
"NUBL","2024-08-25","850","875","826","843","0.12 %","79,506.00"
"NUBL","2024-08-22","844","857.8","839","842","-0.24 %","18,489.00"
"NUBL","2024-08-21","860","860","840.1","844","-1.06 %","24,626.00"
"NUBL","2024-08-18","875","886","852.6","853","-1.39 %","62,705.00"
"NUBL","2024-08-15","883.3","883.3","858","865","-0.12 %","46,552.00"
"NUBL","2024-08-14","878","880","852.6","866","-0.47 %","53,983.00"
"NUBL","2024-08-13","881","895","865.1","870.1","-1.24 %","31,344.00"
"NUBL","2024-08-12","885","896","870","881","1.26 %","48,081.00"
"NUBL","2024-08-11","839","880","839","870","5.71 %","59,136.00"
"NUBL","2024-08-08","844","846","818","823","-0.96 %","20,745.00"
"NUBL","2024-08-07","810.4","840","810.4","831","2.53 %","47,264.00"
"NUBL","2024-08-06","841","851.7","803.1","810.5","-3.63 %","60,285.00"
"NUBL","2024-08-05","844.1","849","833","841","-0.36 %","35,844.00"
"NUBL","2024-08-01","849","878","841","844","-0.59 %","31,934.00"
"NUBL","2024-07-31","842","855","835","849","0.59 %","43,059.00"
"NUBL","2024-07-30","856","856","818.3","844","0.54 %","42,990.00"
"NUBL","2024-07-29","878","878","838","839.5","-4.38 %","58,490.00"
"NUBL","2024-07-28","877.2","930.2","843","878","2.09 %","58,248.00"
"NUBL","2024-07-25","805","860","792.2","860","8.86 %","127,819.00"
"NUBL","2024-07-24","832.9","833.3","780","790","-3.30 %","50,247.00"
"NUBL","2024-07-23","784.1","819.8","784.1","817","2.13 %","34,308.00"
"NUBL","2024-07-22","807.1","810","785","800","-0.87 %","33,191.00"
"NUBL","2024-07-21","800","809","774","807","2.41 %","39,999.00"
"NUBL","2024-07-18","765","788","755.2","788","5.07 %","65,629.00"
"NUBL","2024-07-17","731","757.8","725","750","2.60 %","39,830.00"
"NUBL","2024-07-16","710","731","700.1","731","2.68 %","21,439.00"
"NUBL","2024-07-15","738","738","710.1","711.9","-2.21 %","16,534.00"
"NUBL","2024-07-14","716","750","706.5","728","1.95 %","27,072.00"
"NUBL","2024-07-11","732","732","710.7","714.1","-0.82 %","14,717.00"
"NUBL","2024-07-10","713","726","710","720","2.71 %","36,012.00"
"NUBL","2024-07-09","677","706","675","701","3.32 %","31,646.00"
"NUBL","2024-07-08","667","679","667","678.5","0.22 %","17,469.00"
"NUBL","2024-07-07","678","680","665","677","1.80 %","16,322.00"
"NUBL","2024-07-04","656","671","656","665","0.76 %","18,021.00"
"NUBL","2024-07-03","658","672","658","660","-0.90 %","16,899.00"
"NUBL","2024-07-02","667","684","661.2","666","1.83 %","7,024.00"
"NUBL","2024-07-01","654","657","653.2","654","0.00 %","3,387.00"
"NUBL","2024-06-30","660","665","654","654","-0.91 %","7,489.00"
"NUBL","2024-06-27","675.9","675.9","659","660","-0.75 %","4,194.00"
"NUBL","2024-06-26","678","678","665","665","-1.19 %","11,803.00"
"NUBL","2024-06-25","667","678.8","665.1","673","0.15 %","10,438.00"
"NUBL","2024-06-24","676","676","666","672","0.76 %","6,793.00"
"NUBL","2024-06-23","662.2","673","660.1","666.9","-0.46 %","12,254.00"
"NUBL","2024-06-20","668","674","667","670","0.45 %","4,891.00"
"NUBL","2024-06-19","674","680","667","667","-1.04 %","4,787.00"
"NUBL","2024-06-18","680","683.8","670","674","-1.32 %","10,495.00"
"NUBL","2024-06-16","718","718","680.4","683","-3.11 %","14,248.00"
"NUBL","2024-06-13","706","720","692","704.9","-0.16 %","25,937.00"
"NUBL","2024-06-12","695","712.9","689","706","2.48 %","32,205.00"
"NUBL","2024-06-11","671","694.9","668.1","688.9","2.67 %","21,358.00"
"NUBL","2024-06-10","675","682","670.3","671","-0.59 %","12,310.00"
"NUBL","2024-06-09","693.8","695","675","675","-0.88 %","20,206.00"
"NUBL","2024-06-06","675","690","668.1","681","0.89 %","22,186.00"
"NUBL","2024-06-05","668","679.9","666.9","675","0.73 %","8,034.00"
"NUBL","2024-06-04","672.8","676","666.8","670.1","0.57 %","7,700.00"
"NUBL","2024-06-03","664.9","677","652","666.3","0.21 %","13,680.00"
"NUBL","2024-06-02","651.5","664.9","649","664.9","1.51 %","8,549.00"
"NUBL","2024-05-30","677","677","650.1","655","-1.80 %","12,256.00"
"NUBL","2024-05-29","683","683","654","667","-0.45 %","15,123.00"
"NUBL","2024-05-27","670","674","661","670","0.75 %","6,140.00"
"NUBL","2024-05-26","670","679.5","665","665","-0.78 %","8,932.00"
"NUBL","2024-05-22","670","689","670","670.2","-1.44 %","14,410.00"
"NUBL","2024-05-21","684.5","684.5","670.9","680","0.16 %","17,823.00"
"NUBL","2024-05-20","698","698","670.5","678.9","-1.03 %","21,467.00"
"NUBL","2024-05-19","689.5","694.8","676","686","1.48 %","25,340.00"
"NUBL","2024-05-16","652","689.8","652","676","2.41 %","31,875.00"
"NUBL","2024-05-15","675","682.9","660.1","660.1","-1.62 %","15,761.00"
"NUBL","2024-05-14","655","674.9","655","671","3.07 %","18,718.00"
"NUBL","2024-05-13","650","658","645","651","0.11 %","5,463.00"
"NUBL","2024-05-12","670","670","650.3","650.3","-2.94 %","6,884.00"
"NUBL","2024-05-09","683","689.6","662.6","670","-0.89 %","14,540.00"
"NUBL","2024-05-08","673.2","678.9","665","676","2.42 %","39,178.00"
"NUBL","2024-05-07","638.7","668.1","638.4","660","2.01 %","6,123.00"
"NUBL","2024-05-06","681","681","642","647","-3.14 %","7,017.00"
"NUBL","2024-05-05","674.9","690","659.9","668","0.60 %","32,699.00"
"NUBL","2024-05-02","634.1","670.1","634.1","664","2.95 %","30,577.00"
"NUBL","2024-04-30","630","655.4","628","645","2.38 %","7,195.00"
"NUBL","2024-04-29","627","635","627","630","0.03 %","3,507.00"
"NUBL","2024-04-28","613","642.6","613","629.8","1.91 %","4,731.00"
"NUBL","2024-04-25","615.6","644","615.6","618","-0.32 %","4,416.00"
"NUBL","2024-04-24","620.2","624","620","620","-0.90 %","6,098.00"
"NUBL","2024-04-22","642","642","620.5","625.6","-0.70 %","4,084.00"
"NUBL","2024-04-21","642.8","642.8","621.1","630","-0.16 %","3,637.00"
"NUBL","2024-04-18","638.2","640","631","631","-1.87 %","6,058.00"
"NUBL","2024-04-16","633.7","672","633.7","643","-0.46 %","3,369.00"
"NUBL","2024-04-15","654","672","645.3","646","-2.71 %","13,898.00"
"NUBL","2024-04-14","650","667","642","664","1.37 %","5,626.00"
"NUBL","2024-04-10","653.8","655","635","655","1.08 %","8,814.00"
"NUBL","2024-04-09","660","660","643","648","-1.07 %","6,984.00"
"NUBL","2024-04-07","668.4","678.9","651","655","-0.05 %","12,688.00"
"NUBL","2024-04-04","650","668.1","646.8","655.3","1.00 %","10,987.00"
"NUBL","2024-04-03","657.5","675","641.3","648.8","0.59 %","6,045.00"
"NUBL","2024-04-02","641","651","636.4","645","2.54 %","5,377.00"
"NUBL","2024-04-01","620","632.4","620","629","-0.16 %","3,299.00"
"NUBL","2024-03-31","635","648.8","628","630","-1.69 %","9,533.00"
"NUBL","2024-03-28","667","667","640.7","640.8","-2.02 %","4,547.00"
"NUBL","2024-03-27","650","655","638.3","654","0.69 %","6,971.00"
"NUBL","2024-03-26","640","652","639","649.5","0.65 %","8,049.00"
"NUBL","2024-03-25","646.2","648","645.3","645.3","-1.94 %","6,918.00"
"NUBL","2024-03-21","670","681","658.1","658.1","-1.48 %","7,629.00"
"NUBL","2024-03-20","672.9","690","659.9","668","1.21 %","35,068.00"
"NUBL","2024-03-19","663","671.7","650.1","660","0.00 %","10,620.00"
"NUBL","2024-03-18","631","664","631","660","2.64 %","6,652.00"
"NUBL","2024-03-17","654.9","668.5","643","643","0.00 %","16,086.00"
"NUBL","2024-03-14","660","668","640.3","643","-4.32 %","8,203.00"
"NUBL","2024-03-13","685.4","685.4","660","672","0.00 %","6,830.00"
"NUBL","2024-03-12","654.5","686","650","672","4.36 %","25,150.00"
"NUBL","2024-03-10","615.1","644","615","643.9","5.13 %","11,948.00"
"NUBL","2024-03-07","600","614.9","600","612.5","1.04 %","569.00"
"NUBL","2024-03-06","602.8","620.1","602.8","606.2","-1.40 %","6,238.00"
"NUBL","2024-03-05","629.3","629.3","604.5","614.8","-0.36 %","7,443.00"
"NUBL","2024-03-04","605","617","605","617","3.87 %","20.00"
"NUBL","2024-03-03","578.3","601","578.3","594","0.68 %","3,361.00"
"NUBL","2024-02-29","597","604.9","590","590","-3.12 %","4,869.00"
"NUBL","2024-02-28","605","610","605","609","0.02 %","3,367.00"
"NUBL","2024-02-27","595","608.9","594","608.9","0.64 %","3,191.00"
"NUBL","2024-02-26","599","610","596.1","605","1.51 %","5,513.00"
"NUBL","2024-02-25","602.3","610","594","596","-2.80 %","10,134.00"
"NUBL","2024-02-22","625","628.8","613.2","613.2","-1.73 %","3,871.00"
"NUBL","2024-02-21","630","639.8","623.1","624","-0.95 %","7,777.00"
"NUBL","2024-02-20","631.7","642","628","630","-2.17 %","8,219.00"
"NUBL","2024-02-18","638","651","637","644","-1.08 %","2,900.00"
"NUBL","2024-02-15","650","655","643","651","-0.58 %","8,803.00"
"NUBL","2024-02-14","635","654.8","633","654.8","2.79 %","6,038.00"
"NUBL","2024-02-13","648","649","637","637","-3.48 %","8,540.00"
"NUBL","2024-02-12","670","670","648","660","-1.05 %","5,204.00"
"NUBL","2024-02-11","682.9","682.9","658.2","667","-0.45 %","8,667.00"
"NUBL","2024-02-08","647","672","647","670","3.55 %","7,841.00"
"NUBL","2024-02-07","648","658","645.1","647","-1.19 %","3,610.00"
"NUBL","2024-02-06","645","654.8","640","654.8","1.54 %","3,378.00"
"NUBL","2024-02-05","640","650","637.1","644.9","1.24 %","3,005.00"
"NUBL","2024-02-04","632.3","652","632.3","637","-1.09 %","5,707.00"
"NUBL","2024-02-01","656","656","644","644","-2.28 %","5,755.00"
"NUBL","2024-01-31","665","702","659","659","-0.53 %","8,311.00"
"NUBL","2024-01-30","662","683.5","662","662.5","-1.85 %","7,080.00"
"NUBL","2024-01-29","671","679","663","675","0.30 %","2,375.00"
"NUBL","2024-01-28","653","673","650.1","673","1.66 %","13,822.00"
"NUBL","2024-01-25","658","670","657.7","662","-1.34 %","9,405.00"
"NUBL","2024-01-24","683","683","670.6","671","-0.89 %","9,569.00"
"NUBL","2024-01-23","679.9","684.4","671.2","677","0.89 %","9,753.00"
"NUBL","2024-01-22","680","688.7","660","671","-2.22 %","17,446.00"
"NUBL","2024-01-21","700","703","686","686.2","-0.55 %","33,867.00"
"NUBL","2024-01-18","723","723","686.2","690","-4.17 %","17,244.00"
"NUBL","2024-01-17","734","734","700","720","0.00 %","32,000.00"
"NUBL","2024-01-16","678","720","666","720","6.04 %","42,944.00"
"NUBL","2024-01-14","695.5","695.5","640","679","-4.31 %","56,173.00"
"NUBL","2024-01-11","633","709.6","621","709.6","10.00 %","21,313.00"
"NUBL","2024-01-10","650","660.9","645","645.1","-0.45 %","13,653.00"
"NUBL","2024-01-09","633.2","653","633","648","2.37 %","22,345.00"
"NUBL","2024-01-08","625","638","625","633","1.61 %","19,415.00"
"NUBL","2024-01-07","620","638.2","616","623","1.30 %","31,231.00"
"NUBL","2024-01-04","627","635","615","615","-1.44 %","13,370.00"
"NUBL","2024-01-03","611.5","630","611.5","624","1.46 %","7,074.00"
"NUBL","2024-01-02","614","620","611","615","-0.65 %","14,199.00"
"NUBL","2024-01-01","622.1","630","616","619","-0.34 %","9,203.00"
"NUBL","2023-12-28","610","625","610","621.1","1.47 %","10,045.00"
"NUBL","2023-12-27","630","641.9","611","612.1","-2.86 %","14,238.00"
"NUBL","2023-12-24","633","645","630","630.1","-2.01 %","20,814.00"
"NUBL","2023-12-21","663","663","632.1","643","-1.09 %","22,642.00"
"NUBL","2023-12-20","673.2","680","642","650.1","-1.50 %","18,703.00"
"NUBL","2023-12-19","667","667","635","660","0.00 %","13,311.00"
"NUBL","2023-12-18","644","665","633","660","4.43 %","32,673.00"
"NUBL","2023-12-17","605","632.9","602","632","4.45 %","27,356.00"
"NUBL","2023-12-14","600","610","597.8","605.1","-0.80 %","14,047.00"
"NUBL","2023-12-13","610.9","610.9","598.8","610","1.84 %","11,434.00"
"NUBL","2023-12-12","590","603","582","599","1.70 %","30,458.00"
"NUBL","2023-12-11","612","612","577","589","-1.83 %","31,641.00"
"NUBL","2023-12-10","578","600","578","600","5.82 %","1,010.00"
"NUBL","2023-12-07","577","586","563.1","567","-1.56 %","11,910.00"
"NUBL","2023-12-06","553.7","579.9","546","576","3.50 %","6,038.00"
"NUBL","2023-12-05","553.7","576.2","553.7","556.5","-1.50 %","1,207.00"
"NUBL","2023-12-04","561","567","555.2","565","0.36 %","2,372.00"
"NUBL","2023-12-03","566","566","554.7","563","-0.53 %","2,312.00"
"NUBL","2023-11-30","562","566","559","566","-0.70 %","2,757.00"
"NUBL","2023-11-29","570","582","570","570","0.00 %","5,270.00"
"NUBL","2023-11-28","570","579.8","560","570","0.88 %","2,908.00"
"NUBL","2023-11-27","580","580","564","565","-2.08 %","1,898.00"
"NUBL","2023-11-26","554","586","550","577","3.96 %","3,741.00"
"NUBL","2023-11-23","560","560","548.8","555","-0.89 %","2,936.00"
"NUBL","2023-11-22","544.4","565","544.4","560","0.81 %","3,421.00"
"NUBL","2023-11-21","560","560","551","555.5","-2.54 %","2,786.00"
"NUBL","2023-11-20","570.2","570.2","560","570","-0.18 %","5,394.00"
"NUBL","2023-11-09","581.5","585","570","571","-3.76 %","13,027.00"
"NUBL","2023-11-08","595","605.3","593.3","593.3","-0.03 %","1,292.00"
"NUBL","2023-11-07","604","604","593.1","593.5","0.15 %","1,653.00"
"NUBL","2023-11-06","582.1","615.9","582","592.6","-0.07 %","3,192.00"
"NUBL","2023-11-05","589","600","580","593","-1.17 %","5,456.00"
"NUBL","2023-11-02","608.9","621","590","600","0.50 %","2,164.00"
"NUBL","2023-11-01","620","620","596","597","-3.71 %","1,190.00"
"NUBL","2023-10-31","628","628","615.5","620","-2.50 %","322.00"
"NUBL","2023-10-30","612.1","635.9","610","635.9","1.91 %","4,638.00"
"NUBL","2023-10-29","623","625","603.7","624","-1.73 %","3,108.00"
"NUBL","2023-10-19","617","635","610.6","635","1.93 %","3,130.00"
"NUBL","2023-10-18","618","625","610","623","2.30 %","6,910.00"
"NUBL","2023-10-17","610","624","588","609","1.50 %","5,110.00"
"NUBL","2023-10-16","605","605","593","600","-1.64 %","2,190.00"
"NUBL","2023-10-12","602","610","591.1","610","1.33 %","4,050.00"
"NUBL","2023-10-11","590","604","590","602","1.18 %","2,188.00"
"NUBL","2023-10-10","602.1","603","595","595","-1.18 %","2,981.00"
"NUBL","2023-10-09","596.3","613","596.2","602.1","-0.64 %","4,777.00"
"NUBL","2023-10-08","613.59","618.9","601.5","606","-1.94 %","6,714.00"
"NUBL","2023-10-05","612","624","612","618","-0.26 %","2,667.00"
"NUBL","2023-10-04","628","628","614","619.6","0.42 %","2,318.00"
"NUBL","2023-10-03","613","620","608.6","617","-0.64 %","2,653.00"
"NUBL","2023-10-02","615","623","613.6","621","0.16 %","2,537.00"
"NUBL","2023-10-01","625","625","616","620","-1.29 %","8,126.00"
"NUBL","2023-09-27","642","642","623","628.1","-0.30 %","10,592.00"
"NUBL","2023-09-26","630","639","624","630","1.96 %","18,445.00"
"NUBL","2023-09-25","620","625","611","617.9","-1.61 %","11,113.00"
"NUBL","2023-09-24","610","635","610","628","1.29 %","9,060.00"
"NUBL","2023-09-21","607.4","626.1","600","620","4.11 %","19,617.00"
"NUBL","2023-09-19","602","602","580","595.5","0.76 %","4,405.00"
"NUBL","2023-09-18","582","596.2","573.2","591","1.53 %","1,563.00"
"NUBL","2023-09-17","580.2","589.9","580.2","582.1","-1.34 %","7,790.00"
"NUBL","2023-09-13","587","595","574","590","2.43 %","3,149.00"
"NUBL","2023-09-12","595.6","605","574","576","-1.37 %","2,174.00"
"NUBL","2023-09-11","580","613","570","584","0.69 %","5,825.00"
"NUBL","2023-09-10","575","580","564","580","1.22 %","4,135.00"
"NUBL","2023-09-07","580","583","568.4","573","-2.70 %","7,808.00"
"NUBL","2023-09-05","590.1","600","582.2","588.9","-0.86 %","7,174.00"
"NUBL","2023-09-04","597","598","585","594","-0.34 %","3,318.00"
"NUBL","2023-09-03","602","605","592.2","596","-2.84 %","3,190.00"
"NUBL","2023-08-30","600","622","600","613.4","0.23 %","3,631.00"
"NUBL","2023-08-29","610","615","605","612","-0.47 %","1,283.00"
"NUBL","2023-08-28","618","620","603.2","614.9","1.13 %","2,798.00"
"NUBL","2023-08-27","600","608","596","608","0.00 %","4,487.00"
"NUBL","2023-08-24","625","625","606.5","608","-1.62 %","5,213.00"
"NUBL","2023-08-23","609","645","609","618","1.49 %","10,778.00"
"NUBL","2023-08-22","607","614","605","608.9","-0.16 %","3,086.00"
"NUBL","2023-08-21","607","609.9","600","609.9","0.00 %","5,592.00"
"NUBL","2023-08-20","606","618","600","609.9","-0.02 %","16,206.00"
"NUBL","2023-08-17","612","621","610","610","-0.33 %","3,598.00"
"NUBL","2023-08-16","615","619.4","607.1","612","-1.92 %","11,654.00"
"NUBL","2023-08-15","644.8","644.8","608","624","-5.15 %","32,799.00"
"NUBL","2023-08-14","660","667","651.7","657.9","1.22 %","4,908.00"
"NUBL","2023-08-13","650","655","638.1","650","0.00 %","4,530.00"
"NUBL","2023-08-10","646","657","641","650","-0.76 %","6,751.00"
"NUBL","2023-08-09","636","655","633.1","655","1.39 %","5,001.00"
"NUBL","2023-08-08","654.1","657.1","643.5","646","-3.00 %","6,424.00"
"NUBL","2023-08-07","657.1","683","656.7","666","-0.61 %","5,482.00"
"NUBL","2023-08-06","678","680","664.4","670.1","-1.15 %","5,780.00"
"NUBL","2023-08-03","682.3","692","666.1","677.9","1.33 %","6,852.00"
"NUBL","2023-08-02","685","692","666.6","669","-3.18 %","7,508.00"
"NUBL","2023-08-01","705","714","691","691","-2.54 %","3,779.00"
"NUBL","2023-07-31","722.9","722.9","709","709","-0.14 %","4,850.00"
"NUBL","2023-07-30","720","725","699","710","-1.25 %","10,126.00"
"NUBL","2023-07-27","728","733","710","719","-2.04 %","5,209.00"
"NUBL","2023-07-26","750","757","732.2","734","-3.67 %","5,148.00"
"NUBL","2023-07-25","749","762","732.2","762","1.74 %","8,185.00"
"NUBL","2023-07-24","751","762","740.2","749","-1.45 %","8,226.00"
"NUBL","2023-07-23","748","770","737","760","1.60 %","7,036.00"
"NUBL","2023-07-20","769","769","748","748","-2.20 %","7,546.00"
"NUBL","2023-07-19","774","774","760","764.8","-0.93 %","9,413.00"
"NUBL","2023-07-18","780","781","760.6","772","-0.52 %","9,625.00"
"NUBL","2023-07-17","762","778","742","776","1.44 %","12,930.00"
"NUBL","2023-07-16","728","765","717.9","765","4.94 %","15,880.00"
"NUBL","2023-07-13","748","749.9","724.1","729","-0.75 %","13,990.00"
"NUBL","2023-07-12","718","735.9","718","734.5","2.27 %","7,988.00"
"NUBL","2023-07-11","715.3","732","715.3","718.2","-1.21 %","4,482.00"
"NUBL","2023-07-10","716","745","702.7","727","1.39 %","12,894.00"
"NUBL","2023-07-09","720","725","700","717","0.70 %","14,249.00"
"NUBL","2023-07-06","709","718","699.1","712","-0.84 %","14,239.00"
"NUBL","2023-07-05","742","742","714","718","-1.36 %","8,287.00"
"NUBL","2023-07-04","736.4","736.4","711.1","727.9","0.82 %","11,056.00"
"NUBL","2023-07-03","715","741.4","713","722","-0.69 %","18,138.00"
"NUBL","2023-07-02","748","761","727","727","-4.47 %","21,848.00"
"NUBL","2023-06-28","811","815","760","761","-4.31 %","25,239.00"
"NUBL","2023-06-27","735","795.3","728","795.3","10.00 %","44,559.00"
"NUBL","2023-06-26","677","725","675.5","723","5.55 %","21,873.00"
"NUBL","2023-06-25","670","693","670","685","1.87 %","17,394.00"
"NUBL","2023-06-22","670","699.7","670","672.4","0.89 %","12,739.00"
"NUBL","2023-06-21","680","693.7","666.5","666.5","-2.77 %","10,838.00"
"NUBL","2023-06-20","705","715","685","685.5","-1.65 %","9,606.00"
"NUBL","2023-06-19","705","713","695","697","-1.13 %","20,154.00"
"NUBL","2023-06-18","672.5","708","668.1","705","4.85 %","26,070.00"
"NUBL","2023-06-15","671.4","685","658","672.4","-1.84 %","17,036.00"
"NUBL","2023-06-14","695","699","673","685","0.29 %","19,018.00"
"NUBL","2023-06-13","669","697.8","658","683","2.25 %","24,192.00"
"NUBL","2023-06-12","640","668","640","668","4.38 %","32,661.00"
"NUBL","2023-06-11","638","643","627.5","640","2.07 %","22,012.00"
"NUBL","2023-06-08","617","630","615.3","627","0.32 %","12,634.00"
"NUBL","2023-06-07","611.1","635","611.1","625","0.64 %","21,913.00"
"NUBL","2023-06-06","614","622","612","621","1.44 %","7,187.00"
"NUBL","2023-06-05","618","629","612.2","612.2","0.36 %","8,110.00"
"NUBL","2023-06-04","604.8","629","604.8","610","2.87 %","10,134.00"
"NUBL","2023-06-01","599","600","574.3","593","-0.62 %","7,768.00"
"NUBL","2023-05-31","608","612","590","596.7","-1.86 %","11,178.00"
"NUBL","2023-05-30","620","630","601.4","608","-3.49 %","16,045.00"
"NUBL","2023-05-28","635","650","620","630","-0.02 %","12,086.00"
"NUBL","2023-05-24","621","646","608.1","630.1","1.79 %","13,972.00"
"NUBL","2023-05-23","600","620","595","619","4.56 %","11,125.00"
"NUBL","2023-05-22","597","597","575","592","0.02 %","4,686.00"
"NUBL","2023-05-21","591","602.9","579","591.9","2.05 %","13,779.00"
"NUBL","2023-05-18","569","583.4","568","580","2.65 %","7,349.00"
"NUBL","2023-05-17","550.1","566","547","565","2.17 %","9,527.00"
"NUBL","2023-05-16","541.9","559","534","553","2.05 %","10,100.00"
"NUBL","2023-05-15","529","548.9","529","541.9","0.01 %","3,220.00"
"NUBL","2023-05-14","522","540","512.1","538.9","1.30 %","6,677.00"
"NUBL","2023-05-11","529","536","527","532","0.38 %","4,117.00"
"NUBL","2023-05-10","524.1","534","524.1","530","-0.75 %","5,718.00"
"NUBL","2023-05-09","535","545.5","533.2","534","-0.47 %","3,694.00"
"NUBL","2023-05-08","544","550","532.2","536.5","-3.35 %","16,572.00"
"NUBL","2023-05-07","550.1","569","550","555.1","-0.70 %","3,639.00"
"NUBL","2023-05-04","563.1","566","549.5","559","-0.18 %","7,538.00"
"NUBL","2023-05-03","573","577","558","560","-2.10 %","11,990.00"
"NUBL","2023-05-02","573.1","584","563.1","572","-2.05 %","5,902.00"
"NUBL","2023-04-30","582","592","580","584","-1.52 %","3,580.00"
"NUBL","2023-04-27","600","600","585","593","0.51 %","2,722.00"
"NUBL","2023-04-26","600","602","579.4","590","-0.84 %","8,779.00"
"NUBL","2023-04-25","601","601","580.5","595","0.85 %","3,573.00"
"NUBL","2023-04-24","571.1","591.6","570.1","590","1.72 %","2,408.00"
"NUBL","2023-04-23","582","582","576","580","-0.51 %","1,485.00"
"NUBL","2023-04-20","616","616","581","583","-4.10 %","6,555.00"
"NUBL","2023-04-19","597","609","593.5","607.9","0.98 %","3,407.00"
"NUBL","2023-04-18","595","602.9","595","602","-0.17 %","1,466.00"
"NUBL","2023-04-17","615","621","597","603","-1.47 %","4,855.00"
"NUBL","2023-04-16","633","633","603","612","-2.08 %","3,779.00"
"NUBL","2023-04-13","610","627","601","625","0.48 %","6,797.00"
"NUBL","2023-04-12","590","622.2","587","622","6.87 %","11,929.00"
"NUBL","2023-04-11","580","585","565","582","1.75 %","4,297.00"
"NUBL","2023-04-10","571.9","579","561","572","0.37 %","2,492.00"
"NUBL","2023-04-09","580","585","562.1","569.9","-1.40 %","6,880.00"
"NUBL","2023-04-06","590","594","570","578","-1.20 %","6,517.00"
"NUBL","2023-04-05","577","599","577","585","0.52 %","4,528.00"
"NUBL","2023-04-04","573.2","590","572","582","-0.48 %","5,874.00"
"NUBL","2023-04-03","593","593","574","584.8","-1.38 %","4,320.00"
"NUBL","2023-04-02","595","599","589","593","-0.34 %","2,540.00"
"NUBL","2023-03-30","608.9","608.9","580.4","595","-0.83 %","7,293.00"
"NUBL","2023-03-29","608","608","580","600","0.17 %","5,480.00"
"NUBL","2023-03-28","591","610","585","599","1.53 %","9,541.00"
"NUBL","2023-03-27","581","591","570","590","-0.34 %","10,093.00"
"NUBL","2023-03-26","595","595","574.1","592","-0.50 %","8,240.00"
"NUBL","2023-03-23","600","600","591","595","-0.83 %","5,464.00"
"NUBL","2023-03-22","595","600","590","600","1.01 %","9,662.00"
"NUBL","2023-03-20","600","600","590","594","-0.47 %","13,725.00"
"NUBL","2023-03-19","610.9","611","588","596.8","-2.64 %","11,899.00"
"NUBL","2023-03-16","616","616","605","613","-0.33 %","5,043.00"
"NUBL","2023-03-15","630","630","606","615","-2.38 %","9,322.00"
"NUBL","2023-03-14","631","637.9","625.3","630","-0.79 %","7,230.00"
"NUBL","2023-03-13","640","644","630","635","-0.78 %","3,265.00"
"NUBL","2023-03-12","660","660","640","640","-1.23 %","5,858.00"
"NUBL","2023-03-09","630","648","625","648","4.52 %","8,966.00"
"NUBL","2023-03-07","633","640","618.1","620","-0.16 %","11,079.00"
"NUBL","2023-03-05","625.5","637.9","615","621","-2.70 %","14,648.00"
"NUBL","2023-03-02","660","660","632.2","638.2","-3.01 %","11,590.00"
"NUBL","2023-03-01","678","680","658","658","-3.38 %","8,686.00"
"NUBL","2023-02-28","710","710","680","681","-2.85 %","7,883.00"
"NUBL","2023-02-27","716.9","716.9","667","701","-0.57 %","18,080.00"
"NUBL","2023-02-26","671","711","634","705","3.07 %","30,484.00"
"NUBL","2023-02-23","742.9","742.9","682.2","684","-9.76 %","42,572.00"
"NUBL","2023-02-22","765","770","751","758","-0.39 %","6,040.00"
"NUBL","2023-02-20","790","790","760","761","-2.69 %","6,746.00"
"NUBL","2023-02-16","800","800","781","782","-2.13 %","4,994.00"
"NUBL","2023-02-15","820","820","797.8","799","-1.84 %","4,932.00"
"NUBL","2023-02-14","851.1","851.1","810","814","-2.45 %","13,458.00"
"NUBL","2023-02-12","983.1","1006","977.1","993","-0.90 %","18,725.00"
"NUBL","2023-02-09","987","1005","980","1002","-0.50 %","8,116.00"
"NUBL","2023-02-08","1020","1035","1000","1007","0.00 %","7,101.00"
"NUBL","2023-02-07","989","1009","970","1007","3.28 %","9,652.00"
"NUBL","2023-02-06","975","985","968.1","975","0.00 %","3,982.00"
"NUBL","2023-02-05","975","990","970","975","0.10 %","4,531.00"
"NUBL","2023-02-02","988","999.9","970.1","974","0.41 %","7,440.00"
"NUBL","2023-02-01","967","975","965","970","0.52 %","1,484.00"
"NUBL","2023-01-31","980","980","965","965","-2.03 %","6,580.00"
"NUBL","2023-01-30","981","1000","981","985","-1.30 %","6,313.00"
"NUBL","2023-01-29","1000","1010","990","998","-0.70 %","4,210.00"
"NUBL","2023-01-26","1000","1010","1000","1005","0.50 %","3,344.00"
"NUBL","2023-01-25","1020","1020","990","1000","0.00 %","7,251.00"
"NUBL","2023-01-24","1010","1010","990","1000","-0.89 %","7,438.00"
"NUBL","2023-01-23","1050","1050","1005.1","1009","-2.32 %","5,646.00"
"NUBL","2023-01-19","1025","1045","1025","1033","-0.67 %","4,642.00"
"NUBL","2023-01-18","1025.1","1057","1012","1040","1.46 %","14,681.00"
"NUBL","2023-01-17","1012.2","1033","1012.2","1025","0.68 %","7,059.00"
"NUBL","2023-01-12","1073","1075","1017.3","1018.1","-3.22 %","9,565.00"
"NUBL","2023-01-10","1066","1095","1044.8","1052","-1.31 %","22,652.00"
"NUBL","2023-01-09","1070","1084","1055","1066","-0.09 %","9,828.00"
"NUBL","2023-01-08","1090","1090","1041","1067","-1.39 %","27,817.00"
"NUBL","2023-01-05","1116","1132","1075","1082","-1.12 %","27,499.00"
"NUBL","2023-01-04","996","1095","995","1094.3","9.87 %","43,011.00"
"NUBL","2023-01-03","940","1014.9","940","996","5.96 %","19,962.00"
"NUBL","2023-01-02","914","940","914","940","2.84 %","8,369.00"
"NUBL","2023-01-01","915","934","903","914","0.99 %","8,418.00"
"NUBL","2022-12-29","908","913","899","905","0.67 %","6,153.00"
"NUBL","2022-12-28","902","912.9","890","899","-1.75 %","5,264.00"
"NUBL","2022-12-27","920","926","900","915","1.33 %","11,151.00"
"NUBL","2022-12-26","890","908","880","903","3.44 %","7,938.00"
"NUBL","2022-12-22","870","879.1","865","873","0.34 %","2,682.00"
"NUBL","2022-12-21","880","883","868","870","-0.46 %","3,142.00"
"NUBL","2022-12-20","870","879.9","866","874","0.46 %","3,385.00"
"NUBL","2022-12-19","880","884","865","870","0.00 %","1,655.00"
"NUBL","2022-12-18","870","884","865","870","-1.14 %","3,471.00"
"NUBL","2022-12-15","880","886","875.7","880","-0.90 %","3,898.00"
"NUBL","2022-12-14","875.7","891","875.6","888","0.57 %","1,707.00"
"NUBL","2022-12-13","888","898","882.5","883","-1.02 %","1,616.00"
"NUBL","2022-12-12","888","900","876.1","892.1","0.52 %","4,170.00"
"NUBL","2022-12-11","881","895","880","887.5","-0.84 %","2,409.00"
"NUBL","2022-12-07","903","905","886","895","-0.21 %","3,509.00"
"NUBL","2022-12-06","900","905","880.1","896.9","0.21 %","4,115.00"
"NUBL","2022-12-05","925","925","895","895","-1.32 %","5,090.00"
"NUBL","2022-12-04","917","920","900","907","0.11 %","6,078.00"
"NUBL","2022-12-01","891","907","887","906","0.55 %","6,163.00"
"NUBL","2022-11-30","885","901","885","901","0.45 %","3,697.00"
"NUBL","2022-11-29","890","912","882","897","0.11 %","3,637.00"
"NUBL","2022-11-28","910.8","917","896","896","-1.32 %","4,292.00"
"NUBL","2022-11-27","888","908","878","908","3.30 %","4,799.00"
"NUBL","2022-11-24","886","886","877","879","-0.48 %","3,162.00"
"NUBL","2022-11-23","888.1","888.1","881.3","883.2","-0.54 %","1,774.00"
"NUBL","2022-11-22","885.5","900","885.5","888","0.26 %","2,490.00"
"NUBL","2022-11-17","885","888","880.1","885.7","0.99 %","4,784.00"
"NUBL","2022-11-16","876.1","887","874","877","0.00 %","6,924.00"
"NUBL","2022-11-15","888","893","877","877","-1.24 %","6,477.00"
"NUBL","2022-11-14","877","889","866.1","888","1.14 %","8,767.00"
"NUBL","2022-11-13","920","920","866","878","-6.40 %","27,310.00"
"NUBL","2022-11-10","960","960","937","938","-1.28 %","2,318.00"
"NUBL","2022-11-09","984","999","950.1","950.2","-3.48 %","4,463.00"
"NUBL","2022-11-08","990","990","975","984.5","0.97 %","2,730.00"
"NUBL","2022-11-07","975","1000","972","975","0.57 %","9,954.00"
"NUBL","2022-11-06","940","973.9","940","969.5","3.58 %","8,934.00"
"NUBL","2022-11-03","960","960","929","936","-1.06 %","2,892.00"
"NUBL","2022-11-02","935","959","934","946","1.61 %","4,142.00"
"NUBL","2022-11-01","915","939.9","915","931","1.75 %","4,983.00"
"NUBL","2022-10-31","913","925","910","915","0.23 %","2,398.00"
"NUBL","2022-10-23","904","914.9","904","912.9","0.87 %","1,273.00"
"NUBL","2022-10-20","900","910","896","905","0.44 %","3,018.00"
"NUBL","2022-10-19","927.8","927.8","901","901","-1.11 %","2,534.00"
"NUBL","2022-10-17","903","918","902","911.1","0.12 %","2,303.00"
"NUBL","2022-10-16","920","930","905","910","-1.09 %","7,426.00"
"NUBL","2022-10-13","930","936","915","920","-1.05 %","3,184.00"
"NUBL","2022-10-12","926","940","926","930.1","0.44 %","1,605.00"
"NUBL","2022-10-11","930","945","908","926","-0.54 %","4,697.00"
"NUBL","2022-10-10","960","969","930","931","-3.02 %","8,763.00"
"NUBL","2022-10-09","915","960","910","960","5.84 %","4,249.00"
"NUBL","2022-09-29","902","908","895.1","907","1.45 %","4,058.00"
"NUBL","2022-09-28","880","901.5","880","894","1.02 %","1,700.00"
"NUBL","2022-09-27","885","893.9","875","885","0.91 %","5,896.00"
"NUBL","2022-09-25","890","900","875.2","877","-1.35 %","5,847.00"
"NUBL","2022-09-22","905","905","889","889","-1.77 %","4,692.00"
"NUBL","2022-09-21","905","909.5","892","905","1.34 %","3,873.00"
"NUBL","2022-09-20","920","920","892","893","-3.77 %","7,435.00"
"NUBL","2022-09-18","946","948","926.5","928","-2.33 %","5,217.00"
"NUBL","2022-09-16","945","960","935","950.1","-0.21 %","2,854.00"
"NUBL","2022-09-15","1003.7","1003.7","952.1","952.1","-3.48 %","8,623.00"
"NUBL","2022-09-14","989","994.9","980","986.4","1.69 %","4,976.00"
"NUBL","2022-09-13","984","984","966","970","0.41 %","2,320.00"
"NUBL","2022-09-12","971","971","960","966","-0.67 %","3,125.00"
"NUBL","2022-09-11","975.1","990","970","972.5","-0.26 %","2,508.00"
"NUBL","2022-09-08","985","986","966","975","-0.62 %","3,799.00"
"NUBL","2022-09-07","993","994","980","981.1","-1.20 %","3,925.00"
"NUBL","2022-09-06","993","996.9","987.3","993","-0.30 %","6,981.00"
"NUBL","2022-09-05","1003","1004","991","996","0.91 %","3,822.00"
"NUBL","2022-09-04","1004","1004","985.1","987","0.20 %","5,331.00"
"NUBL","2022-09-02","990","996","982","985","-0.51 %","4,715.00"
"NUBL","2022-09-01","974","1000","962","990","1.85 %","7,376.00"
"NUBL","2022-08-31","981","996","971","972","-2.11 %","9,532.00"
"NUBL","2022-08-30","1000","1007.9","992","993","-0.50 %","3,321.00"
"NUBL","2022-08-29","993","1000","988","998","1.01 %","4,224.00"
"NUBL","2022-08-28","1001","1008","985.1","988","-2.08 %","10,477.00"
"NUBL","2022-08-26","1001","1009","1000","1009","-0.39 %","2,302.00"
"NUBL","2022-08-25","1015","1025","1008","1013","0.60 %","7,838.00"
"NUBL","2022-08-24","1019","1020","1002","1007","0.50 %","8,673.00"
"NUBL","2022-08-23","1015","1015","1000.1","1002","-0.62 %","5,780.00"
"NUBL","2022-08-22","1019","1019","1008.1","1008.3","-1.05 %","6,319.00"
"NUBL","2022-08-21","1025","1050","1017","1019","0.89 %","6,461.00"
"NUBL","2022-08-18","1000","1015","999","1010","1.00 %","9,451.00"
"NUBL","2022-08-17","997","1010","997","1000","0.00 %","3,430.00"
"NUBL","2022-08-16","1015","1026","998","1000","-1.00 %","12,982.00"
"NUBL","2022-08-15","996","1014","985","1010.1","3.07 %","8,446.00"
"NUBL","2022-08-14","1000","1000","979","980","-2.10 %","12,469.00"
"NUBL","2022-08-11","1020","1022","1000","1001","-1.28 %","11,295.00"
"NUBL","2022-08-10","1025","1039","1005.1","1014","-1.00 %","8,698.00"
"NUBL","2022-08-09","1055","1058","1024.2","1024.2","-2.55 %","14,765.00"
"NUBL","2022-08-08","1070","1090","1051","1051","-1.50 %","11,555.00"
"NUBL","2022-08-07","1084","1084","1065","1067","0.38 %","7,491.00"
"NUBL","2022-08-05","1080","1090","1060","1063","-3.19 %","7,434.00"
"NUBL","2022-08-04","1125","1125","1095","1098","-1.52 %","10,735.00"
"NUBL","2022-08-03","1110","1124","1100","1115","0.45 %","11,779.00"
"NUBL","2022-08-02","1120","1135","1101","1110","-1.07 %","10,408.00"
"NUBL","2022-08-01","1150","1150","1116.2","1122","-1.49 %","14,420.00"
"NUBL","2022-07-31","1121","1145","1120","1139","1.70 %","16,186.00"
"NUBL","2022-07-29","1112","1138","1111","1120","-0.09 %","7,799.00"
"NUBL","2022-07-28","1130","1154","1107.5","1121","0.99 %","36,415.00"
"NUBL","2022-07-27","1075","1110.7","1070","1110","1.93 %","8,960.00"
"NUBL","2022-07-26","1123","1130","1085","1089","-2.59 %","23,412.00"
"NUBL","2022-07-25","1069.9","1122","1069.9","1118","5.98 %","35,784.00"
"NUBL","2022-07-24","1011.4","1056","1011.4","1054.9","2.22 %","12,516.00"
"NUBL","2022-07-22","1041","1042","1010","1032","-0.86 %","8,245.00"
"NUBL","2022-07-21","1040","1054","1040","1041","-1.61 %","5,348.00"
"NUBL","2022-07-20","1050","1059","1035.1","1058","1.05 %","5,748.00"
"NUBL","2022-07-19","1025","1065","1025","1047","0.67 %","10,342.00"
"NUBL","2022-07-18","1040","1045","1023","1040","-1.43 %","9,139.00"
"NUBL","2022-07-17","1085","1085","1045","1055.1","-3.99 %","12,297.00"
"NUBL","2022-07-15","1028","1111","1000","1099","4.87 %","19,717.00"
"NUBL","2022-07-14","1001","1049.6","985","1048","5.12 %","23,204.00"
"NUBL","2022-07-13","986.6","999.8","966","997","3.07 %","9,868.00"
"NUBL","2022-07-12","995","999","967.3","967.3","-1.80 %","13,208.00"
"NUBL","2022-07-11","1020","1020","976","985","-4.37 %","12,485.00"
"NUBL","2022-07-08","1020","1040","1019.2","1030","-0.96 %","4,392.00"
"NUBL","2022-07-07","1061","1069","1026","1040","-1.42 %","10,957.00"
"NUBL","2022-07-06","1023.1","1084","1001","1055","1.25 %","6,215.00"
"NUBL","2022-07-05","1070","1082","1034.9","1042","-2.62 %","12,083.00"
"NUBL","2022-07-04","1085","1115","1040","1070","-0.93 %","12,179.00"
"NUBL","2022-07-03","1029","1080.1","1029","1080","5.24 %","16,927.00"
"NUBL","2022-07-01","1010","1035.1","1010","1026.2","1.11 %","4,938.00"
"NUBL","2022-06-30","980","1015","980","1014.9","5.16 %","9,614.00"
"NUBL","2022-06-29","955","974","945","965.1","0.95 %","3,712.00"
"NUBL","2022-06-28","941","957","930","956","-0.42 %","2,563.00"
"NUBL","2022-06-27","970","988","940.1","960","-1.03 %","7,415.00"
"NUBL","2022-06-26","918","970","918","970","7.78 %","7,839.00"
"NUBL","2022-06-24","895","933","875","900","0.56 %","6,258.00"
"NUBL","2022-06-23","911","911","879","895","-3.24 %","8,000.00"
"NUBL","2022-06-22","935","945","925","925","-1.07 %","2,212.00"
"NUBL","2022-06-21","938.4","938.4","914","935","1.63 %","5,078.00"
"NUBL","2022-06-20","928","928","907.5","920","-2.75 %","7,730.00"
"NUBL","2022-06-19","955","955","945","946","-1.87 %","3,177.00"
"NUBL","2022-06-17","980","980","950","964","-0.41 %","708.00"
"NUBL","2022-06-16","977","977","923.2","968","0.94 %","3,174.00"
"NUBL","2022-06-15","968","968","949","959","-2.05 %","3,878.00"
"NUBL","2022-06-14","995","995","979.1","979.1","-1.60 %","3,893.00"
"NUBL","2022-06-13","1014","1014","995","995","-0.80 %","2,851.00"
"NUBL","2022-06-10","1000","1020","990","1003","-0.50 %","3,886.00"
"NUBL","2022-06-09","1010","1026","1001","1008","0.10 %","5,911.00"
"NUBL","2022-06-08","997","1014.9","989","1007","2.23 %","4,411.00"
"NUBL","2022-06-07","999","1010","985","985","-1.40 %","4,565.00"
"NUBL","2022-06-06","1000","1020","985","999","-0.10 %","4,505.00"
"NUBL","2022-06-03","1015","1015","995","1000","-0.50 %","3,770.00"
"NUBL","2022-06-02","1020","1020","1001.3","1005","-0.30 %","5,564.00"
"NUBL","2022-06-01","1016","1021","1002","1008","-0.59 %","5,372.00"
"NUBL","2022-05-31","1020","1020","1002","1014","-0.88 %","3,673.00"
"NUBL","2022-05-30","1053.7","1071","1021","1023","-0.98 %","6,443.00"
"NUBL","2022-05-27","1054","1055","1033","1033.1","-0.18 %","4,619.00"
"NUBL","2022-05-26","1050","1050","1025.5","1035","-0.29 %","4,543.00"
"NUBL","2022-05-25","1049","1049","1029","1038","0.87 %","3,312.00"
"NUBL","2022-05-24","1031","1046","1015","1029","-0.10 %","4,728.00"
"NUBL","2022-05-23","1070","1070","1020","1030","-3.65 %","6,989.00"
"NUBL","2022-05-20","1057","1080","1055.6","1069","-0.74 %","1,263.00"
"NUBL","2022-05-19","1065","1097.9","1062","1077","-0.55 %","2,211.00"
"NUBL","2022-05-18","1059","1083","1059","1083","0.00 %","2,549.00"
"NUBL","2022-05-17","1110","1110","1078","1080","-2.70 %","2,095.00"
"NUBL","2022-05-12","1125","1125","1099","1110","-0.54 %","3,743.00"
"NUBL","2022-05-11","1079.8","1118.9","1078","1116","4.30 %","5,952.00"
"NUBL","2022-05-10","1060","1071","1060","1070","1.79 %","3,041.00"
"NUBL","2022-05-09","1042","1060","1041","1051.2","0.98 %","2,458.00"
"NUBL","2022-05-08","1030","1041","1020","1041","1.46 %","3,435.00"
"NUBL","2022-05-05","1050","1050","1026","1026","-2.10 %","3,817.00"
"NUBL","2022-05-04","1050","1055","1040","1048","-1.96 %","4,614.00"
"NUBL","2022-05-02","1100","1100","1065.2","1069","-1.47 %","4,540.00"
"NUBL","2022-04-28","1091","1093","1073","1085","-0.55 %","2,542.00"
"NUBL","2022-04-27","1103","1114.5","1080","1091","-1.09 %","2,541.00"
"NUBL","2022-04-26","1115","1115","1095","1103","0.27 %","803.00"
"NUBL","2022-04-25","1101","1139","1100","1100","-1.79 %","3,000.00"
"NUBL","2022-04-24","1097","1142.3","1074","1120","3.90 %","5,307.00"
"NUBL","2022-04-21","1060","1080","1050","1078","1.03 %","3,415.00"
"NUBL","2022-04-20","1075","1083","1065","1067","-0.74 %","2,246.00"
"NUBL","2022-04-19","1056","1080","1056","1075","0.74 %","1,672.00"
"NUBL","2022-04-18","1067.5","1089","1060","1067.1","-1.92 %","4,054.00"
"NUBL","2022-04-17","1127","1127","1088","1088","-1.54 %","3,166.00"
"NUBL","2022-04-13","1061","1105","1057","1105","2.50 %","4,809.00"
"NUBL","2022-04-12","1067","1082","1059","1078","-0.28 %","4,679.00"
"NUBL","2022-04-11","1101.6","1120","1081","1081","0.09 %","4,245.00"
"NUBL","2022-04-07","1074.9","1095","1064","1080","1.41 %","6,520.00"
"NUBL","2022-04-06","1074","1090","1053","1065","-2.65 %","7,025.00"
"NUBL","2022-04-05","1091","1096","1070","1094","-0.45 %","6,385.00"
"NUBL","2022-04-04","1122","1122","1088","1099","-0.09 %","7,106.00"
"NUBL","2022-04-03","1093","1117","1093","1100","-1.26 %","2,348.00"
"NUBL","2022-03-31","1143.4","1143.4","1108","1114","-0.62 %","4,627.00"
"NUBL","2022-03-30","1137","1145","1099","1121","0.54 %","5,102.00"
"NUBL","2022-03-29","1100","1118","1100","1115","0.00 %","4,333.00"
"NUBL","2022-03-28","1143.4","1143.4","1100","1115","-0.54 %","3,209.00"
"NUBL","2022-03-27","1153.5","1153.5","1119.5","1121","-1.75 %","5,193.00"
"NUBL","2022-03-24","1150","1163","1140.1","1141","-0.44 %","5,131.00"
"NUBL","2022-03-23","1179","1179","1145","1146","-0.87 %","3,930.00"
"NUBL","2022-03-22","1177","1177","1155","1156","0.17 %","4,762.00"
"NUBL","2022-03-21","1168.9","1168.9","1138","1154","0.70 %","2,397.00"
"NUBL","2022-03-20","1170","1172","1143","1146","-0.35 %","4,471.00"
"NUBL","2022-03-16","1150","1159.9","1145","1150","0.00 %","4,716.00"
"NUBL","2022-03-15","1166","1177","1145","1150","-1.29 %","7,610.00"
"NUBL","2022-03-14","1161","1171.9","1137.8","1165","1.30 %","1,867.00"
"NUBL","2022-03-13","1120","1150","1115.1","1150","3.74 %","12,210.00"
"NUBL","2022-03-10","1085","1110","1085","1108.5","1.33 %","6,187.00"
"NUBL","2022-03-09","1120","1120","1090.1","1094","-0.64 %","7,189.00"
"NUBL","2022-03-07","1111","1119","1092","1101","-0.90 %","9,643.00"
"NUBL","2022-03-06","1110","1123","1090","1111","0.09 %","9,328.00"
"NUBL","2022-03-02","1145","1145","1110","1110","-3.06 %","6,849.00"
"NUBL","2022-02-28","1179","1179","1140.1","1145","-1.38 %","7,099.00"
"NUBL","2022-02-27","1166","1180","1158","1161","-0.43 %","4,416.00"
"NUBL","2022-02-24","1180","1190","1158.1","1166","-2.67 %","15,436.00"
"NUBL","2022-02-23","1200","1205","1187","1198","-0.17 %","4,045.00"
"NUBL","2022-02-22","1207","1214","1197","1200","0.76 %","7,092.00"
"NUBL","2022-02-21","1192","1201","1180","1191","0.42 %","5,303.00"
"NUBL","2022-02-20","1190","1220","1175","1186","-1.17 %","9,707.00"
"NUBL","2022-02-17","1210","1215","1200","1200","-1.23 %","6,049.00"
"NUBL","2022-02-16","1244","1244","1211","1215","-2.02 %","5,328.00"
"NUBL","2022-02-15","1200","1240","1195","1240","3.76 %","13,730.00"
"NUBL","2022-02-14","1194","1215","1190","1195.1","0.09 %","8,313.00"
"NUBL","2022-02-13","1250.5","1250.5","1190","1194","-2.61 %","22,022.00"
"NUBL","2022-02-10","1221.1","1241.9","1213","1226","-0.89 %","5,832.00"
"NUBL","2022-02-09","1237","1240","1220.2","1237","0.00 %","4,253.00"
"NUBL","2022-02-08","1279","1285","1235","1237","0.00 %","13,052.00"
"NUBL","2022-02-07","1250","1255","1245","1254.9","0.38 %","7,486.00"
"NUBL","2022-02-06","1260","1272","1250.1","1250.1","-1.57 %","10,032.00"
"NUBL","2022-02-03","1285","1310","1260","1270","-0.70 %","29,445.00"
"NUBL","2022-02-01","1261","1282","1256","1279","1.11 %","10,744.00"
"NUBL","2022-01-31","1270","1290","1254","1265","0.93 %","18,739.00"
"NUBL","2022-01-30","1239.1","1263.8","1235","1253.3","3.16 %","22,174.00"
"NUBL","2022-01-27","1221","1250","1211","1214.9","-0.34 %","9,907.00"
"NUBL","2022-01-26","1247","1255","1216","1219","-1.85 %","8,947.00"
"NUBL","2022-01-25","1233.1","1268.9","1196","1242","1.05 %","22,459.00"
"NUBL","2022-01-24","1260.1","1271","1228","1229.1","-4.13 %","24,436.00"
"NUBL","2022-01-23","1295","1304","1277","1282","0.16 %","20,209.00"
"NUBL","2022-01-20","1250","1280","1250","1280","1.75 %","14,291.00"
"NUBL","2022-01-19","1300","1300","1255.6","1258","-1.72 %","11,147.00"
"NUBL","2022-01-18","1305","1305","1272","1280","-1.92 %","18,183.00"
"NUBL","2022-01-17","1330","1330","1294","1305","-0.38 %","20,155.00"
"NUBL","2022-01-16","1305","1345","1295","1310","0.38 %","30,268.00"
"NUBL","2022-01-13","1226","1310","1225.1","1305","4.40 %","32,307.00"
"NUBL","2022-01-12","1283","1285","1240","1250","-0.79 %","29,528.00"
"NUBL","2022-01-11","1224","1287","1218","1260","3.62 %","42,272.00"
"NUBL","2022-01-10","1225","1225","1210","1216","0.08 %","22,744.00"
"NUBL","2022-01-09","1223","1223","1198.6","1215","1.25 %","13,604.00"
"NUBL","2022-01-06","1195","1208","1180","1200","0.28 %","7,532.00"
"NUBL","2022-01-05","1246","1246","1196.6","1196.6","-2.55 %","13,872.00"
"NUBL","2022-01-04","1234","1239","1206.2","1227.9","-0.49 %","13,203.00"
"NUBL","2022-01-03","1210","1235","1207","1234","3.26 %","21,263.00"
"NUBL","2022-01-02","1190","1203","1172","1195","0.25 %","12,339.00"
"NUBL","2021-12-29","1200","1200","1180","1192","-0.33 %","11,561.00"
"NUBL","2021-12-28","1220","1224","1166","1196","-0.40 %","21,859.00"
"NUBL","2021-12-27","1594.9","1597","1541","1555","-0.68 %","70,144.00"
"NUBL","2021-12-26","1530","1567","1512","1565.7","3.48 %","31,514.00"
"NUBL","2021-12-23","1542.2","1542.2","1490","1513","0.07 %","17,450.00"
"NUBL","2021-12-22","1487","1515","1460","1512","3.70 %","29,120.00"
"NUBL","2021-12-21","1443.3","1463","1422","1458","3.04 %","16,931.00"
"NUBL","2021-12-20","1428","1428","1388","1415","1.07 %","23,236.00"
"NUBL","2021-12-16","1429.9","1430","1392","1400","-1.89 %","6,306.00"
"NUBL","2021-12-15","1482","1482","1417","1427","-1.79 %","20,780.00"
"NUBL","2021-12-14","1385","1453","1376","1453","6.45 %","13,438.00"
"NUBL","2021-12-13","1393","1398","1360","1365","-3.05 %","16,364.00"
"NUBL","2021-12-12","1445","1459","1408","1408","-2.22 %","11,514.00"
"NUBL","2021-12-09","1421.1","1460","1410","1440","0.42 %","10,714.00"
"NUBL","2021-12-08","1465","1479","1431","1434","-2.45 %","10,811.00"
"NUBL","2021-12-07","1516","1545","1470","1470","-1.14 %","13,481.00"
"NUBL","2021-12-06","1473","1497","1441","1487","0.95 %","16,612.00"
"NUBL","2021-12-05","1491","1499","1469","1473","-1.80 %","21,927.00"
"NUBL","2021-12-02","1520","1520","1498","1500","-0.92 %","14,448.00"
"NUBL","2021-12-01","1530","1550","1510","1514","-0.39 %","12,153.00"
"NUBL","2021-11-30","1540","1549.9","1500","1520","-0.65 %","25,179.00"
"NUBL","2021-11-29","1540","1561","1527","1530","-0.58 %","28,319.00"
"NUBL","2021-11-28","1509.6","1599","1509.6","1539","3.43 %","104,670.00"
"NUBL","2021-11-25","1509","1509","1471","1488","0.54 %","14,266.00"
"NUBL","2021-11-24","1496","1496","1460","1480","-1.34 %","17,021.00"
"NUBL","2021-11-23","1513","1530","1495","1500.1","-2.08 %","13,435.00"
"NUBL","2021-11-22","1530","1532.9","1525","1532","0.13 %","5,373.00"
"NUBL","2021-11-21","1523","1549","1521","1530","0.46 %","5,710.00"
"NUBL","2021-11-18","1530","1554","1502","1523","0.00 %","22,089.00"
"NUBL","2021-11-17","1550","1560","1523","1523","-1.04 %","12,034.00"
"NUBL","2021-11-16","1536","1545","1520","1539","0.20 %","15,938.00"
"NUBL","2021-11-15","1530","1540","1509","1536","2.40 %","13,856.00"
"NUBL","2021-11-14","1520","1528","1495","1500","-1.35 %","13,187.00"
"NUBL","2021-11-11","1540","1555","1516","1520.5","-2.53 %","17,414.00"
"NUBL","2021-11-09","1620","1620","1540","1560","-3.47 %","33,307.00"
"NUBL","2021-11-08","1630","1645","1596","1616","-0.86 %","28,687.00"
"NUBL","2021-11-03","1580","1644","1580","1630","3.49 %","57,625.00"
"NUBL","2021-11-02","1570","1579.9","1540","1575","0.54 %","22,476.00"
"NUBL","2021-11-01","1639.9","1639.9","1555","1566.6","-2.76 %","28,568.00"
"NUBL","2021-10-31","1530","1611","1530","1611","3.94 %","39,707.00"
"NUBL","2021-10-28","1540","1550","1515","1550","1.71 %","26,768.00"
"NUBL","2021-10-27","1550","1550","1504","1524","0.13 %","32,501.00"
"NUBL","2021-10-26","1500","1537.9","1490","1522","2.22 %","22,950.00"
"NUBL","2021-10-25","1470","1497.8","1456","1489","1.64 %","16,411.00"
"NUBL","2021-10-24","1427","1490","1425.1","1465","2.59 %","26,537.00"
"NUBL","2021-10-21","1411.5","1445","1392","1428","1.28 %","43,563.00"
"NUBL","2021-10-20","1428","1482.9","1390","1410","0.71 %","40,345.00"
"NUBL","2021-10-19","1419","1430","1385","1400","-3.18 %","19,008.00"
"NUBL","2021-10-18","1485","1485","1446","1446","-3.28 %","12,878.00"
"NUBL","2021-10-17","1525","1525","1490","1495","-0.33 %","7,404.00"
"NUBL","2021-10-11","1502","1520","1470","1500","-0.07 %","13,160.00"
"NUBL","2021-10-10","1600","1632","1500","1501","-4.39 %","45,778.00"
"NUBL","2021-10-06","1476","1570","1470","1570","7.17 %","109,976.00"
"NUBL","2021-10-05","1417","1471","1413","1465","4.05 %","22,918.00"
"NUBL","2021-10-04","1386","1422","1375","1408","0.79 %","20,961.00"
"NUBL","2021-10-03","1418","1418","1392","1397","-1.48 %","9,164.00"
"NUBL","2021-09-30","1431","1442","1415","1418","-0.84 %","9,671.00"
"NUBL","2021-09-29","1444","1445","1386","1430","0.78 %","18,763.00"
"NUBL","2021-09-28","1412","1451","1392.1","1419","-1.25 %","23,032.00"
"NUBL","2021-09-27","1462","1468","1437","1437","-3.30 %","15,837.00"
"NUBL","2021-09-26","1524","1524","1474.9","1486","-1.72 %","9,565.00"
"NUBL","2021-09-23","1548","1550","1512","1512","-0.40 %","14,593.00"
"NUBL","2021-09-22","1509.6","1535","1499","1518","2.57 %","10,505.00"
"NUBL","2021-09-21","1456","1511","1443","1480","0.54 %","19,875.00"
"NUBL","2021-09-20","1535","1535","1456","1472","-3.66 %","35,933.00"
"NUBL","2021-09-16","1604.4","1604.4","1520.1","1528","-2.86 %","20,225.00"
"NUBL","2021-09-15","1555.2","1590","1555.1","1573","0.13 %","9,511.00"
"NUBL","2021-09-14","1589","1589","1565.9","1571","-0.26 %","7,945.00"
"NUBL","2021-09-13","1590","1602","1575","1575.1","-0.56 %","21,424.00"
"NUBL","2021-09-12","1580","1601","1570","1584","0.89 %","27,704.00"
"NUBL","2021-09-09","1558","1585.5","1554","1570","0.77 %","15,729.00"
"NUBL","2021-09-08","1590","1594","1551.2","1558","-1.83 %","18,395.00"
"NUBL","2021-09-07","1615","1615","1581.3","1587","-1.31 %","26,139.00"
"NUBL","2021-09-06","1569","1618","1550","1608","2.49 %","28,620.00"
"NUBL","2021-09-05","1600","1600","1535","1569","-1.26 %","35,611.00"
"NUBL","2021-09-02","1602","1646","1565","1589","-0.38 %","37,723.00"
"NUBL","2021-09-01","1600","1629","1588","1595","-0.75 %","28,812.00"
"NUBL","2021-08-31","1636","1636","1585","1607","-1.71 %","42,870.00"
"NUBL","2021-08-29","1668","1689","1626","1635","-2.45 %","28,578.00"
"NUBL","2021-08-26","1695","1695","1665","1676","0.17 %","23,187.00"
"NUBL","2021-08-25","1734","1734","1671","1673.1","-1.58 %","17,805.00"
"NUBL","2021-08-24","1712","1720","1680","1700","-0.58 %","59,734.00"
"NUBL","2021-08-19","1702","1727.9","1699","1710","0.47 %","43,400.00"
"NUBL","2021-08-18","1717","1724","1695","1702","-0.87 %","72,924.00"
"NUBL","2021-08-17","1740","1774","1706","1717","0.12 %","71,070.00"
"NUBL","2021-08-16","1752","1770","1712","1715","-1.78 %","88,036.00"
"NUBL","2021-08-15","1673.9","1802","1670","1746","2.22 %","104,696.00"
"NUBL","2021-08-12","1711","1720","1665","1708","-0.18 %","59,850.00"
"NUBL","2021-08-11","1728","1740","1710","1711","-0.81 %","23,024.00"
"NUBL","2021-08-10","1717","1750","1693.1","1725","0.47 %","49,778.00"
"NUBL","2021-08-09","1730","1730","1696","1717","-0.53 %","65,140.00"
"NUBL","2021-08-08","1775.1","1780","1725","1726.2","-2.58 %","42,914.00"
"NUBL","2021-08-05","1810","1818","1757","1772","-2.10 %","121,526.00"
"NUBL","2021-08-04","1895","1895","1779","1810","-2.64 %","138,579.00"
"NUBL","2021-08-03","1793.1","1875","1770","1859","5.75 %","161,403.00"
"NUBL","2021-08-02","1700","1758","1700","1758","4.33 %","103,868.00"
"NUBL","2021-08-01","1697","1700","1670","1685","1.02 %","55,668.00"
"NUBL","2021-07-29","1696","1710","1668","1668","-0.71 %","36,940.00"
"NUBL","2021-07-28","1675","1697","1669.7","1680","0.30 %","58,198.00"
"NUBL","2021-07-27","1665.1","1685","1632","1675","-1.41 %","89,630.00"
"NUBL","2021-07-26","1689","1712","1676","1699","2.29 %","118,163.00"
"NUBL","2021-07-25","1650","1670","1646","1661","1.22 %","78,593.00"
"NUBL","2021-07-22","1650","1655","1636","1641","-0.55 %","47,087.00"
"NUBL","2021-07-20","1650","1659","1630","1650","0.24 %","47,227.00"
"NUBL","2021-07-19","1692","1720","1640","1646","-0.84 %","77,995.00"
"NUBL","2021-07-18","1625.1","1672","1625.1","1660","3.75 %","67,069.00"
"NUBL","2021-07-15","1623","1623","1590","1600","0.44 %","46,405.00"
"NUBL","2021-07-14","1593","1606","1580","1593","-0.19 %","102,167.00"
"NUBL","2021-07-13","1678","1678","1590","1596","-0.19 %","124,936.00"
"NUBL","2021-07-12","1580","1640","1580","1599","-1.60 %","296,765.00"
"NUBL","2021-07-11","1620","1645","1600","1625","1.88 %","50,969.00"
"NUBL","2021-07-08","1570","1600","1569","1595","-0.25 %","14,838.00"
"NUBL","2021-07-07","1506","1616","1506","1599","0.88 %","91,480.00"
"NUBL","2021-07-06","1590","1604","1579","1585","-1.00 %","29,181.00"
"NUBL","2021-07-05","1606","1610","1595","1601","-0.81 %","7,023.00"
"NUBL","2021-07-04","1630","1657","1600","1614","-0.80 %","11,727.00"
"NUBL","2021-07-01","1706","1706","1619","1627","0.12 %","7,227.00"
"NUBL","2021-06-30","1630","1630","1616","1625","-1.63 %","3,649.00"
"NUBL","2021-06-29","1645","1677","1616","1652","2.29 %","27,687.00"
"NUBL","2021-06-28","1600","1638","1600","1615","1.57 %","10,164.00"
"NUBL","2021-06-27","1611","1611","1580","1590","0.63 %","6,044.00"
"NUBL","2021-06-24","1633","1633","1578","1580","-1.43 %","13,223.00"
"NUBL","2021-06-23","1645","1645","1601","1603","-2.32 %","13,809.00"
"NUBL","2021-06-22","1640","1650","1593","1641","0.98 %","18,121.00"
"NUBL","2021-06-21","1650","1680","1625","1625","-1.52 %","17,095.00"
"NUBL","2021-06-20","1662","1700","1640","1650","-1.96 %","11,649.00"
"NUBL","2021-06-17","1735","1765","1680","1683","-1.23 %","12,244.00"
"NUBL","2021-06-16","1662","1789","1660","1704","2.65 %","37,238.00"
"NUBL","2021-06-15","1670","1670","1650","1660","-0.54 %","20,388.00"
"NUBL","2021-06-14","1665","1680","1660","1669","-0.12 %","19,314.00"
"NUBL","2021-06-13","1689","1690","1665","1671","0.06 %","20,801.00"
"NUBL","2021-06-10","1690","1700","1665","1670","-1.36 %","16,617.00"
"NUBL","2021-06-09","1700","1710","1691","1693","-0.00 %","18,444.00"
"NUBL","2021-06-08","1731","1735","1690","1697","-1.85 %","36,353.00"
"NUBL","2021-06-07","1790","1790","1705","1727","0.47 %","23,580.00"
"NUBL","2021-06-06","1734","1768","1696","1719","1.12 %","36,065.00"
"NUBL","2021-06-03","1605","1742","1605","1700","1.49 %","38,646.00"
"NUBL","2021-06-02","1684","1700","1644","1675","-0.53 %","202,427.00"
"NUBL","2021-06-01","1680","1695","1648","1684","0.48 %","15,691.00"
"NUBL","2021-05-31","1655","1695","1655","1676","1.27 %","17,276.00"
"NUBL","2021-05-30","1683","1683","1651","1655","-1.66 %","13,909.00"
"NUBL","2021-05-27","1705","1705","1634","1683","-3.22 %","33,199.00"
"NUBL","2021-05-25","1740","1759","1726","1739","-0.40 %","12,017.00"
"NUBL","2021-05-24","1750","1768","1745","1746","-0.06 %","14,227.00"
"NUBL","2021-05-23","1750","1770","1730","1747","-1.13 %","13,930.00"
"NUBL","2021-05-20","1859","1859","1751","1767","-0.23 %","6,354.00"
"NUBL","2021-05-19","1799","1800","1754","1771","-0.51 %","13,216.00"
"NUBL","2021-05-18","1860","1860","1761","1780","0.45 %","22,027.00"
"NUBL","2021-05-17","1797","1797","1772","1772","0.57 %","27,311.00"
"NUBL","2021-05-16","1720","1780","1720","1762","1.56 %","37,377.00"
"NUBL","2021-05-13","1740","1746","1724","1735","-0.23 %","8,025.00"
"NUBL","2021-05-12","1750","1750","1730","1739","-0.63 %","7,444.00"
"NUBL","2021-05-11","1800","1800","1741","1750","0.00 %","15,841.00"
"NUBL","2021-05-10","1711","1750","1690","1750","1.45 %","11,700.00"
"NUBL","2021-05-09","1750","1751","1720","1725","-1.71 %","12,071.00"
"NUBL","2021-05-06","1849","1849","1746","1755","-0.34 %","58,692.00"
"NUBL","2021-05-05","1778","1798","1760","1761","-0.79 %","14,818.00"
"NUBL","2021-05-04","1781","1810","1749","1775","0.40 %","38,268.00"
"NUBL","2021-05-03","1795","1800","1751","1768","0.23 %","17,211.00"
"NUBL","2021-05-02","1730","1780","1730","1764","0.57 %","16,492.00"
"NUBL","2021-04-29","1744","1763","1740","1754","1.10 %","10,286.00"
"NUBL","2021-04-28","1834","1834","1725","1735","-0.80 %","16,783.00"
"NUBL","2021-04-27","1669","1759","1669","1749","5.05 %","26,026.00"
"NUBL","2021-04-26","1700","1745","1663","1665","-3.76 %","22,261.00"
"NUBL","2021-04-25","1830","1831","1728","1730","-4.16 %","31,064.00"
"NUBL","2021-04-22","1801","1805","1766","1805","0.28 %","22,706.00"
"NUBL","2021-04-21","1802","1821","1785","1800","-0.11 %","35,164.00"
"NUBL","2021-04-20","1800","1830","1794","1802","-0.28 %","16,286.00"
"NUBL","2021-04-19","1803","1829","1803","1807","-1.47 %","28,908.00"
"NUBL","2021-04-18","1835","1842","1802","1834","-0.05 %","22,060.00"
"NUBL","2021-04-15","1850","1879","1830","1835","-1.82 %","34,567.00"
"NUBL","2021-04-13","1800","1909","1800","1869","-0.05 %","21,866.00"
"NUBL","2021-04-12","1820","1919","1820","1870","2.86 %","93,359.00"
"NUBL","2021-04-08","1851","1851","1810","1818","-0.22 %","25,066.00"
"NUBL","2021-04-07","1760","1866","1754","1822","4.17 %","58,067.00"
"NUBL","2021-04-06","1750","1759","1740","1749","0.23 %","21,789.00"
"NUBL","2021-04-05","1755","1766","1740","1745","0.11 %","57,282.00"
"NUBL","2021-04-04","1722","1765","1702","1743","1.04 %","82,180.00"
"NUBL","2021-04-01","1730","1730","1690","1725","-0.29 %","29,472.00"
"NUBL","2021-03-31","1750","1756","1726","1730","0.23 %","46,443.00"
"NUBL","2021-03-30","1637","1753","1605","1726","5.57 %","267,591.00"
"NUBL","2021-03-29","1660","1662","1630","1635","0.37 %","28,740.00"
"NUBL","2021-03-25","1659","1670","1620","1629","-0.55 %","65,501.00"
"NUBL","2021-03-24","1640","1652","1610","1638","1.11 %","40,017.00"
"NUBL","2021-03-23","1572","1630","1571","1620","1.38 %","77,835.00"
"NUBL","2021-03-22","1655","1665","1598","1598","-3.15 %","46,180.00"
"NUBL","2021-03-21","1525","1666","1525","1650","8.77 %","49,810.00"
"NUBL","2021-03-18","1480","1529","1470","1517","3.83 %","18,069.00"
"NUBL","2021-03-17","1415","1465","1415","1461","3.32 %","16,904.00"
"NUBL","2021-03-16","1406","1421","1400","1414","0.57 %","16,567.00"
"NUBL","2021-03-15","1405","1420","1401","1406","-0.14 %","15,296.00"
"NUBL","2021-03-14","1400","1430","1400","1408","-0.85 %","12,843.00"
"NUBL","2021-03-10","1439","1439","1420","1420","-1.32 %","8,530.00"
"NUBL","2021-03-09","1446","1467","1432","1439","-0.55 %","16,954.00"
"NUBL","2021-03-08","1448","1463","1402","1447","-0.07 %","16,992.00"
"NUBL","2021-03-04","1350","1448","1326","1448","9.28 %","21,250.00"
"NUBL","2021-03-03","1336","1360","1316","1325","-2.21 %","20,598.00"
"NUBL","2021-03-02","1418","1418","1341","1355","-2.66 %","14,452.00"
"NUBL","2021-03-01","1356","1406","1347","1392","0.00 %","13,262.00"
"NUBL","2021-02-28","1400","1405","1370","1370","-3.86 %","22,157.00"
"NUBL","2021-02-25","1445","1445","1420","1425","0.00 %","10,234.00"
"NUBL","2021-02-24","1445","1468","1440","1454","-0.07 %","16,605.00"
"NUBL","2021-02-23","1512","1512","1404","1455","1.04 %","30,746.00"
"NUBL","2021-02-22","1690","1690","1625","1627","-0.79 %","188,402.00"
"NUBL","2021-02-21","1640","1665","1625","1640","0.00 %","103,475.00"
"NUBL","2021-02-18","1641","1642","1607","1632","-0.00 %","45,913.00"
"NUBL","2021-02-17","1635","1651","1585","1636","0.00 %","37,412.00"
"NUBL","2021-02-16","1630","1700","1600","1635","0.03 %","67,139.00"
"NUBL","2021-02-15","1465","1593","1465","1593","0.10 %","464,707.00"
"NUBL","2021-02-14","1454","1490","1445","1449","-0.02 %","56,556.00"
"NUBL","2021-02-11","1550","1550","1470","1475","-0.03 %","23,092.00"
"NUBL","2021-02-10","1530","1544","1511","1520","-0.01 %","36,274.00"
"NUBL","2021-02-09","1553","1600","1522","1539","-0.06 %","59,543.00"
"NUBL","2021-02-08","1720","1720","1608","1634","-0.00 %","56,413.00"
"NUBL","2021-02-07","1510","1639","1500","1639","0.10 %","74,271.00"
"NUBL","2021-02-04","1462","1495","1462","1490","0.01 %","23,916.00"
"NUBL","2021-02-03","1500","1527","1464","1480","-0.00 %","19,384.00"
"NUBL","2021-02-02","1463","1500","1450","1486","0.04 %","21,003.00"
"NUBL","2021-02-01","1470","1500","1415","1435","-0.01 %","21,689.00"
"NUBL","2021-01-31","1525","1525","1446","1449","-0.05 %","31,637.00"
"NUBL","2021-01-28","1500","1606","1490","1522","0.03 %","47,283.00"
"NUBL","2021-01-27","1465","1490","1458","1481","0.00 %","27,374.00"
"NUBL","2021-01-26","1484","1499","1460","1479","-0.02 %","12,481.00"
"NUBL","2021-01-25","1545","1550","1491","1514","-0.02 %","21,713.00"
"NUBL","2021-01-24","1526","1545","1524","1542","0.01 %","19,042.00"
"NUBL","2021-01-21","1500","1530","1498","1526","0.02 %","23,327.00"
"NUBL","2021-01-20","1494","1502","1491","1500","0.00 %","15,301.00"
"NUBL","2021-01-19","1500","1530","1453","1493","-0.00 %","34,283.00"
"NUBL","2021-01-18","1405","1513","1402","1500","0.07 %","42,368.00"
"NUBL","2021-01-17","1345","1405","1337","1401","0.04 %","38,073.00"
"NUBL","2021-01-13","1350","1359","1332","1344","0.00 %","38,661.00"
"NUBL","2021-01-12","1293","1345","1293","1340","0.03 %","31,800.00"
"NUBL","2021-01-11","1290","1314","1285","1299","-0.01 %","25,011.00"
"NUBL","2021-01-10","1350","1350","1274","1311","-0.04 %","62,590.00"
"NUBL","2021-01-07","1380","1385","1350","1370","0.01 %","21,113.00"
"NUBL","2021-01-06","1272","1362","1272","1362","0.02 %","24,052.00"
"NUBL","2021-01-05","1254","1360","1254","1338","0.01 %","17,533.00"
"NUBL","2021-01-04","1335","1350","1299","1320","0.00 %","40,485.00"
"NUBL","2021-01-03","1290","1325","1290","1320","0.02 %","31,244.00"
"NUBL","2020-12-31","1335","1362","1286","1290","-0.02 %","18,829.00"
"NUBL","2020-12-30","1219","1320","1219","1310","0.06 %","35,484.00"
"NUBL","2020-12-29","1244","1244","1221","1233","0.01 %","5,833.00"
"NUBL","2020-12-28","1230","1249","1207","1220","0.00 %","8,789.00"
"NUBL","2020-12-27","1257","1274","1216","1217","-0.03 %","9,776.00"
"NUBL","2020-12-24","1222","1260","1221","1254","0.01 %","9,821.00"
"NUBL","2020-12-23","1268","1268","1240","1245","0.00 %","15,590.00"
"NUBL","2020-12-22","1224","1245","1200","1245","0.04 %","15,833.00"
"NUBL","2020-12-21","1176","1245","1131","1200","0.00 %","22,252.00"
"NUBL","2020-12-20","1297","1297","1192","1200","-0.06 %","36,522.00"
"NUBL","2020-12-17","1297","1320","1258","1275","-0.02 %","16,355.00"
"NUBL","2020-12-16","1271","1320","1262","1298","0.02 %","28,527.00"
"NUBL","2020-12-15","1307","1315","1265","1277","-0.00 %","40,836.00"
"NUBL","2020-12-14","1205","1292","1205","1283","0.08 %","40,503.00"
"NUBL","2020-12-13","1150","1199","1127","1189","0.04 %","18,179.00"
"NUBL","2020-12-10","1141","1173","1140","1143","-0.01 %","9,230.00"
"NUBL","2020-12-09","1218","1218","1146","1150","-0.04 %","16,135.00"
"NUBL","2020-12-08","1230","1254","1176","1195","-0.01 %","21,620.00"
"NUBL","2020-12-07","1150","1210","1134","1207","0.05 %","21,002.00"
"NUBL","2020-12-06","1245","1245","1140","1150","-0.07 %","19,767.00"
"NUBL","2020-12-03","1268","1300","1210","1243","0.03 %","43,584.00"
"NUBL","2020-12-02","1120","1210","1110","1208","0.10 %","33,449.00"
"NUBL","2020-12-01","1091","1104","1070","1100","0.02 %","19,682.00"
"NUBL","2020-11-30","1071","1100","1070","1076","0.00 %","15,481.00"
"NUBL","2020-11-29","1045","1071","1040","1071","0.02 %","19,476.00"
"NUBL","2020-11-26","1049","1120","1045","1045","0.01 %","22,021.00"
"NUBL","2020-11-25","1000","1039","1000","1037","0.04 %","16,898.00"
"NUBL","2020-11-24","988","1009","987","1000","0.01 %","13,577.00"
"NUBL","2020-11-23","991","997","985","988","-0.01 %","12,828.00"
"NUBL","2020-11-22","1000","1035","990","996","-0.00 %","27,604.00"
"NUBL","2020-11-19","1005","1005","991","999","0.00 %","10,478.00"
"NUBL","2020-11-18","984","999","984","996","0.00 %","5,044.00"
"NUBL","2020-11-12","991","997","984","989","- %","14,620.00"
"NUBL","2020-11-11","978","1004","941","1000","-2.82 %","57,954.00"
"NUBL","2020-11-10","1032","1038","1018","1029","-0.10 %","6,919.00"
"NUBL","2020-11-09","1013","1039","992","1030","1.78 %","14,916.00"
"NUBL","2020-11-08","1012","1020","1009","1012","0.00 %","10,093.00"
"NUBL","2020-11-05","1016","1019","1010","1012","-0.78 %","5,243.00"
"NUBL","2020-11-04","1025","1028","1017","1020","-0.97 %","3,769.00"
"NUBL","2020-11-03","1035","1050","1025","1030","0.49 %","6,583.00"
"NUBL","2020-11-02","1001","1040","1000","1025","2.50 %","12,401.00"
"NUBL","2020-11-01","995","1000","985","1000","1.01 %","8,341.00"
"NUBL","2020-10-29","992","993","985","990","-0.10 %","3,918.00"
"NUBL","2020-10-28","982","992","982","991","1.12 %","1,745.00"
"NUBL","2020-10-22","978","980","976","980","0.20 %","1,743.00"
"NUBL","2020-10-21","978","980","976","978","0.00 %","1,408.00"
"NUBL","2020-10-20","972","978","972","978","0.82 %","2,290.00"
"NUBL","2020-10-19","961","970","955","970","0.94 %","360.00"
"NUBL","2020-10-18","969","970","953","961","-0.62 %","1,533.00"
"NUBL","2020-10-15","970","970","961","967","-0.31 %","1,643.00"
"NUBL","2020-10-14","965","970","956","970","0.10 %","2,345.00"
"NUBL","2020-10-13","956","970","955","969","-0.10 %","351.00"
"NUBL","2020-10-12","970","972","969","970","-0.10 %","2,582.00"
"NUBL","2020-10-11","961","971","960","971","-0.10 %","1,643.00"
"NUBL","2020-10-08","961","972","950","972","1.25 %","4,855.00"
"NUBL","2020-10-07","972","973","960","960","-1.13 %","3,640.00"
"NUBL","2020-10-06","968","984","965","971","0.62 %","1,414.00"
"NUBL","2020-10-05","975","982","961","965","0.21 %","7,944.00"
"NUBL","2020-10-04","957","980","957","963","-0.31 %","3,393.00"
"NUBL","2020-10-01","970","977","966","966","-0.41 %","2,530.00"
"NUBL","2020-09-30","970","970","965","970","-0.21 %","1,440.00"
"NUBL","2020-09-29","967","980","967","972","0.00 %","993.00"
"NUBL","2020-09-28","970","975","970","972","-0.51 %","502.00"
"NUBL","2020-09-27","985","986","977","977","-0.31 %","4,927.00"
"NUBL","2020-09-24","999","999","980","980","0.00 %","4,558.00"
"NUBL","2020-09-23","970","980","967","980","0.93 %","1,753.00"
"NUBL","2020-09-22","978","980","970","971","-0.92 %","8,784.00"
"NUBL","2020-09-21","980","982","978","980","-0.20 %","2,454.00"
"NUBL","2020-09-20","978","986","978","982","0.41 %","698.00"
"NUBL","2020-09-17","986","986","977","978","-0.20 %","2,242.00"
"NUBL","2020-09-16","967","987","967","980","-0.41 %","3,203.00"
"NUBL","2020-09-15","976","984","975","984","0.51 %","1,776.00"
"NUBL","2020-09-14","994","1000","979","979","-1.51 %","2,573.00"
"NUBL","2020-09-13","990","998","986","994","0.71 %","4,549.00"
"NUBL","2020-09-10","994","1000","986","987","1.23 %","2,634.00"
"NUBL","2020-09-09","981","994","973","975","-0.51 %","5,305.00"
"NUBL","2020-09-08","966","999","966","980","1.55 %","1,457.00"
"NUBL","2020-09-07","980","980","957","965","-0.52 %","1,490.00"
"NUBL","2020-09-06","998","999","970","970","-0.92 %","4,272.00"
"NUBL","2020-09-03","987","990","975","979","0.20 %","3,211.00"
"NUBL","2020-09-02","989","989","975","977","0.62 %","5,789.00"
"NUBL","2020-08-31","990","990","966","971","-0.92 %","8,436.00"
"NUBL","2020-08-30","975","981","970","980","0.51 %","2,693.00"
"NUBL","2020-08-27","970","980","968","975","-0.10 %","5,891.00"
"NUBL","2020-08-26","960","983","960","976","2.52 %","7,824.00"
"NUBL","2020-08-25","972","972","949","952","-0.10 %","2,011.00"
"NUBL","2020-08-24","936","957","936","953","2.36 %","10,954.00"
"NUBL","2020-08-23","941","942","931","931","-0.11 %","3,792.00"
"NUBL","2020-08-20","945","948","932","932","-0.32 %","952.00"
"NUBL","2020-08-19","940","947","931","935","-1.27 %","1,113.00"
"NUBL","2020-08-18","941","947","930","947","1.39 %","4,757.00"
"NUBL","2020-08-17","941","941","906","934","-2.71 %","14,234.00"
"NUBL","2020-08-16","959","966","950","960","-0.62 %","1,944.00"
"NUBL","2020-08-13","963","970","955","966","-0.51 %","6,870.00"
"NUBL","2020-08-12","982","982","971","971","-0.10 %","4,080.00"
"NUBL","2020-08-11","980","980","970","972","-0.61 %","7,082.00"
"NUBL","2020-08-10","970","979","965","978","2.09 %","8,018.00"
"NUBL","2020-08-09","945","965","945","958","-0.62 %","9,064.00"
"NUBL","2020-08-06","965","970","955","964","-0.21 %","15,524.00"
"NUBL","2020-08-05","971","971","952","966","-2.42 %","7,732.00"
"NUBL","2020-08-03","985","990","980","990","0.41 %","1,763.00"
"NUBL","2020-08-02","980","998","971","986","-1.40 %","6,350.00"
"NUBL","2020-07-30","994","1004","981","1000","0.60 %","3,995.00"
"NUBL","2020-07-29","1010","1010","985","994","-1.00 %","20,051.00"
"NUBL","2020-07-28","1010","1014","996","1004","-0.59 %","10,418.00"
"NUBL","2020-07-27","1005","1035","1000","1010","0.50 %","6,678.00"
"NUBL","2020-07-26","1018","1034","1001","1005","0.60 %","3,421.00"
"NUBL","2020-07-23","980","1000","980","999","1.42 %","3,844.00"
"NUBL","2020-07-22","999","999","982","985","-1.40 %","2,165.00"
"NUBL","2020-07-21","977","1000","977","999","0.40 %","2,927.00"
"NUBL","2020-07-20","1113","1113","995","995","-6.13 %","7,386.00"
"NUBL","2020-07-19","1040","1060","1040","1060","3.72 %","398.00"
"NUBL","2020-07-16","1005","1024","1002","1022","0.69 %","3,909.00"
"NUBL","2020-07-15","1033","1033","1015","1015","-2.31 %","7,587.00"
"NUBL","2020-07-14","985","1054","985","1039","6.02 %","16,911.00"
"NUBL","2020-07-13","980","1018","971","980","0.00 %","5,185.00"
"NUBL","2020-07-12","974","992","961","980","2.62 %","7,096.00"
"NUBL","2020-07-09","955","978","945","955","-0.52 %","2,582.00"
"NUBL","2020-07-08","965","976","955","960","-1.64 %","2,872.00"
"NUBL","2020-07-07","963","1000","960","976","3.28 %","6,402.00"
"NUBL","2020-07-06","925","945","924","945","2.16 %","1,953.00"
"NUBL","2020-07-05","900","925","900","925","2.55 %","1,784.00"
"NUBL","2020-07-02","945","945","902","902","-2.70 %","1,120.00"
"NUBL","2020-07-01","927","927","927","927","1.98 %","100.00"
"NUBL","2020-06-30","870","909","870","909","3.89 %","1,430.00"
"NUBL","2020-06-29","910","910","910","875","-3.85 %","1,142.00"
"NUBL","2020-03-19","885","912","867","910","1.11 %","4,595.00"
"NUBL","2020-03-18","898","933","870","900","-1.75 %","5,600.00"
"NUBL","2020-03-17","949","949","906","916","-2.55 %","19,859.00"
"NUBL","2020-03-16","920","969","914","940","1.08 %","10,141.00"
"NUBL","2020-03-15","972","972","930","930","-2.41 %","16,832.00"
"NUBL","2020-03-12","998","1022","951","953","-6.39 %","8,213.00"
"NUBL","2020-03-11","976","1018","966","1018","6.37 %","7,494.00"
"NUBL","2020-03-10","995","995","940","957","-5.71 %","5,934.00"
"NUBL","2020-03-05","957","1038","950","1015","4.10 %","8,340.00"
"NUBL","2020-03-04","999","1018","975","975","-4.32 %","11,714.00"
"NUBL","2020-03-03","1088","1071","980","1019","-6.34 %","31,202.00"
"NUBL","2020-03-02","1132","1150","1088","1088","-5.80 %","11,822.00"
"NUBL","2020-03-01","1178","1180","1150","1155","-1.95 %","19,273.00"
"NUBL","2020-02-27","1210","1210","1160","1178","-2.00 %","10,370.00"
"NUBL","2020-02-26","1185","1248","1185","1202","2.56 %","19,475.00"
"NUBL","2020-02-25","1125","1185","1111","1172","2.63 %","8,575.00"
"NUBL","2020-02-24","1175","1190","1140","1142","-2.81 %","13,181.00"
"NUBL","2020-02-23","1180","1219","1142","1175","1.38 %","16,890.00"
"NUBL","2020-02-20","1075","1159","1096","1159","7.81 %","16,265.00"
"NUBL","2020-02-19","1035","1099","1030","1075","2.58 %","8,980.00"
"NUBL","2020-02-18","1045","1092","1033","1048","-0.10 %","11,541.00"
"NUBL","2020-02-17","1061","1069","1039","1049","-0.94 %","11,349.00"
"NUBL","2020-02-16","1055","1063","1035","1059","2.22 %","11,010.00"
"NUBL","2020-02-13","1045","1057","1025","1036","1.07 %","20,900.00"
"NUBL","2020-02-12","991","1032","991","1025","3.54 %","20,986.00"
"NUBL","2020-02-11","959","993","955","990","5.21 %","7,096.00"
"NUBL","2020-02-10","945","958","936","941","-0.42 %","2,708.00"
"NUBL","2020-02-09","962","962","944","945","-1.77 %","7,337.00"
"NUBL","2020-02-06","989","989","954","962","-1.13 %","5,603.00"
"NUBL","2020-02-05","975","990","957","973","-1.52 %","5,442.00"